2026-02-02 20:07:26,555 INFO: Face Recognition Attendance System startup [in C:\Users\Rizki Firmansyah\Documents\CODIBG\Face_Recognition\app.py:64]
2026-02-02 20:07:36,628 INFO: Face Recognition Attendance System startup [in C:\Users\Rizki Firmansyah\Documents\CODIBG\Face_Recognition\app.py:64]
2026-02-02 20:10:44,894 INFO: Face Recognition Attendance System startup [in C:\Users\Rizki Firmansyah\Documents\CODIBG\Face_Recognition\app.py:64]
2026-02-02 20:10:59,082 INFO: Face Recognition Attendance System startup [in C:\Users\Rizki Firmansyah\Documents\CODIBG\Face_Recognition\app.py:64]
2026-02-02 20:11:17,487 INFO: Admin login successful [in C:\Users\Rizki Firmansyah\Documents\CODIBG\Face_Recognition\app.py:239]
2026-02-02 20:11:31,671 INFO: Face Recognition Attendance System startup [in C:\Users\Rizki Firmansyah\Documents\CODIBG\Face_Recognition\app.py:64]
2026-02-02 20:11:33,589 INFO: Face Recognition Attendance System startup [in C:\Users\Rizki Firmansyah\Documents\CODIBG\Face_Recognition\app.py:64]
2026-02-02 20:14:22,281 INFO: Face Recognition Attendance System startup [in C:\Users\Rizki Firmansyah\Documents\CODIBG\Face_Recognition\app.py:64]
2026-02-02 20:14:36,849 INFO: Face Recognition Attendance System startup [in C:\Users\Rizki Firmansyah\Documents\CODIBG\Face_Recognition\app.py:64]
2026-02-02 20:33:15,158 INFO: Face Recognition Attendance System startup [in C:\Users\Rizki Firmansyah\Documents\CODIBG\Face_Recognition\app.py:64]
2026-02-02 20:33:15,194 INFO: Face Recognition Attendance System startup [in C:\Users\Rizki Firmansyah\Documents\CODIBG\Face_Recognition\app.py:64]
2026-02-02 20:33:28,499 INFO: Face Recognition Attendance System startup [in C:\Users\Rizki Firmansyah\Documents\CODIBG\Face_Recognition\app.py:64]
2026-02-02 20:33:49,476 INFO: Face Recognition Attendance System startup [in C:\Users\Rizki Firmansyah\Documents\CODIBG\Face_Recognition\app.py:64]
2026-02-02 20:36:45,405 INFO: Face Recognition Attendance System startup [in C:\Users\Rizki Firmansyah\Documents\CODIBG\Face_Recognition\app.py:64]
2026-02-02 20:36:48,963 INFO: Face Recognition Attendance System startup [in C:\Users\Rizki Firmansyah\Documents\CODIBG\Face_Recognition\app.py:64]
2026-02-02 20:36:50,840 INFO: Face Recognition Attendance System startup [in C:\Users\Rizki Firmansyah\Documents\CODIBG\Face_Recognition\app.py:64]
2026-02-02 20:38:17,644 INFO: Face Recognition Attendance System startup [in C:\Users\Rizki Firmansyah\Documents\CODIBG\Face_Recognition\app.py:64]
2026-02-02 20:38:22,636 INFO: Face Recognition Attendance System startup [in C:\Users\Rizki Firmansyah\Documents\CODIBG\Face_Recognition\app.py:64]
2026-02-02 20:38:23,242 INFO: Face Recognition Attendance System startup [in C:\Users\Rizki Firmansyah\Documents\CODIBG\Face_Recognition\app.py:64]
2026-02-02 20:38:50,982 INFO: Face Recognition Attendance System startup [in C:\Users\Rizki Firmansyah\Documents\CODIBG\Face_Recognition\app.py:64]
2026-02-02 20:38:59,409 INFO: Face Recognition Attendance System startup [in C:\Users\Rizki Firmansyah\Documents\CODIBG\Face_Recognition\app.py:64]
2026-02-02 20:39:00,352 INFO: Face Recognition Attendance System startup [in C:\Users\Rizki Firmansyah\Documents\CODIBG\Face_Recognition\app.py:64]
2026-02-02 20:41:53,398 INFO: Face Recognition Attendance System startup [in C:\Users\Rizki Firmansyah\Documents\CODIBG\Face_Recognition\app.py:64]
2026-02-02 20:42:27,559 INFO: Face Recognition Attendance System startup [in C:\Users\Rizki Firmansyah\Documents\CODIBG\Face_Recognition\app.py:64]
2026-02-02 20:47:28,604 INFO: Face Recognition Attendance System startup [in C:\Users\Rizki Firmansyah\Documents\CODIBG\Face_Recognition\app.py:64]
2026-02-02 20:47:46,254 INFO: Face Recognition Attendance System startup [in C:\Users\Rizki Firmansyah\Documents\CODIBG\Face_Recognition\app.py:64]
2026-02-02 20:50:39,398 INFO: Face Recognition Attendance System startup [in C:\Users\Rizki Firmansyah\Documents\CODIBG\Face_Recognition\app.py:64]
2026-02-02 20:50:39,795 INFO: Face Recognition Attendance System startup [in C:\Users\Rizki Firmansyah\Documents\CODIBG\Face_Recognition\app.py:64]
2026-02-02 20:50:39,960 INFO: Face Recognition Attendance System startup [in C:\Users\Rizki Firmansyah\Documents\CODIBG\Face_Recognition\app.py:64]
2026-02-02 20:50:40,364 INFO: Face Recognition Attendance System startup [in C:\Users\Rizki Firmansyah\Documents\CODIBG\Face_Recognition\app.py:64]
2026-02-02 20:57:03,977 INFO: Face Recognition Attendance System startup [in C:\Users\Rizki Firmansyah\Documents\CODIBG\Face_Recognition\app.py:64]
2026-02-02 20:57:14,562 INFO: Face Recognition Attendance System startup [in C:\Users\Rizki Firmansyah\Documents\CODIBG\Face_Recognition\app.py:64]
2026-02-02 21:39:01,232 INFO: Face Recognition Attendance System startup [in C:\Users\Rizki Firmansyah\Documents\CODIBG\Face_Recognition\app.py:64]
2026-02-02 21:39:03,740 INFO: Face Recognition Attendance System startup [in C:\Users\Rizki Firmansyah\Documents\CODIBG\Face_Recognition\app.py:64]
2026-02-07 02:48:53,745 INFO: Face Recognition Attendance System startup [in C:\Users\Rizki Firmansyah\Documents\CODIBG\Face_Recognition\app.py:64]
2026-02-07 02:48:55,016 INFO: Face Recognition Attendance System startup [in C:\Users\Rizki Firmansyah\Documents\CODIBG\Face_Recognition\app.py:64]
2026-02-07 02:49:22,100 INFO: Admin login successful [in C:\Users\Rizki Firmansyah\Documents\CODIBG\Face_Recognition\app.py:239]
2026-02-07 02:49:23,849 INFO: Face Recognition Attendance System startup [in C:\Users\Rizki Firmansyah\Documents\CODIBG\Face_Recognition\app.py:64]
2026-02-07 02:49:25,391 INFO: Face Recognition Attendance System startup [in C:\Users\Rizki Firmansyah\Documents\CODIBG\Face_Recognition\app.py:64]
2026-02-07 02:49:26,854 INFO: Face Recognition Attendance System startup [in C:\Users\Rizki Firmansyah\Documents\CODIBG\Face_Recognition\app.py:64]
2026-02-07 02:51:37,520 INFO: Face Recognition Attendance System startup [in C:\Users\Rizki Firmansyah\Documents\CODIBG\Face_Recognition\app.py:64]
2026-02-07 02:51:40,699 INFO: Face Recognition Attendance System startup [in C:\Users\Rizki Firmansyah\Documents\CODIBG\Face_Recognition\app.py:64]
2026-02-07 02:51:59,507 INFO: Face Recognition Attendance System startup [in C:\Users\Rizki Firmansyah\Documents\CODIBG\Face_Recognition\app.py:64]
2026-02-07 02:55:57,251 INFO: Face Recognition Attendance System startup [in C:\Users\Rizki Firmansyah\Documents\CODIBG\Face_Recognition\app.py:64]
2026-02-07 02:56:00,376 INFO: Face Recognition Attendance System startup [in C:\Users\Rizki Firmansyah\Documents\CODIBG\Face_Recognition\app.py:64]
2026-02-07 02:56:02,819 INFO: Face Recognition Attendance System startup [in C:\Users\Rizki Firmansyah\Documents\CODIBG\Face_Recognition\app.py:64]
2026-02-07 02:56:21,524 INFO: Face Recognition Attendance System startup [in C:\Users\Rizki Firmansyah\Documents\CODIBG\Face_Recognition\app.py:64]
2026-02-07 02:56:24,871 INFO: Face Recognition Attendance System startup [in C:\Users\Rizki Firmansyah\Documents\CODIBG\Face_Recognition\app.py:64]
2026-02-07 02:56:27,277 INFO: Face Recognition Attendance System startup [in C:\Users\Rizki Firmansyah\Documents\CODIBG\Face_Recognition\app.py:64]
2026-02-07 02:56:29,820 INFO: Face Recognition Attendance System startup [in C:\Users\Rizki Firmansyah\Documents\CODIBG\Face_Recognition\app.py:64]
2026-02-07 02:56:35,908 INFO: Face Recognition Attendance System startup [in C:\Users\Rizki Firmansyah\Documents\CODIBG\Face_Recognition\app.py:64]
2026-02-07 02:56:38,391 INFO: Face Recognition Attendance System startup [in C:\Users\Rizki Firmansyah\Documents\CODIBG\Face_Recognition\app.py:64]
2026-02-07 02:56:40,470 INFO: Face Recognition Attendance System startup [in C:\Users\Rizki Firmansyah\Documents\CODIBG\Face_Recognition\app.py:64]
2026-02-07 02:56:42,340 INFO: Face Recognition Attendance System startup [in C:\Users\Rizki Firmansyah\Documents\CODIBG\Face_Recognition\app.py:64]
2026-02-07 02:56:44,341 INFO: Face Recognition Attendance System startup [in C:\Users\Rizki Firmansyah\Documents\CODIBG\Face_Recognition\app.py:64]
2026-02-07 02:56:46,476 INFO: Face Recognition Attendance System startup [in C:\Users\Rizki Firmansyah\Documents\CODIBG\Face_Recognition\app.py:64]
2026-02-07 02:56:48,879 INFO: Face Recognition Attendance System startup [in C:\Users\Rizki Firmansyah\Documents\CODIBG\Face_Recognition\app.py:64]
2026-02-07 02:56:54,273 INFO: Face Recognition Attendance System startup [in C:\Users\Rizki Firmansyah\Documents\CODIBG\Face_Recognition\app.py:64]
2026-02-07 02:56:56,497 INFO: Face Recognition Attendance System startup [in C:\Users\Rizki Firmansyah\Documents\CODIBG\Face_Recognition\app.py:64]
2026-02-07 02:57:21,950 INFO: Face Recognition Attendance System startup [in C:\Users\Rizki Firmansyah\Documents\CODIBG\Face_Recognition\app.py:64]
2026-02-07 02:57:30,875 INFO: Face Recognition Attendance System startup [in C:\Users\Rizki Firmansyah\Documents\CODIBG\Face_Recognition\app.py:64]
2026-02-07 02:57:32,735 INFO: Face Recognition Attendance System startup [in C:\Users\Rizki Firmansyah\Documents\CODIBG\Face_Recognition\app.py:64]
2026-02-07 02:57:53,909 INFO: Face Recognition Attendance System startup [in C:\Users\Rizki Firmansyah\Documents\CODIBG\Face_Recognition\app.py:64]
2026-02-07 03:11:29,303 INFO: Face Recognition Attendance System startup [in C:\Users\Rizki Firmansyah\Documents\CODIBG\Face_Recognition\app.py:64]
2026-02-07 03:11:37,035 INFO: Face Recognition Attendance System startup [in C:\Users\Rizki Firmansyah\Documents\CODIBG\Face_Recognition\app.py:64]
2026-02-07 03:11:39,233 INFO: Face Recognition Attendance System startup [in C:\Users\Rizki Firmansyah\Documents\CODIBG\Face_Recognition\app.py:64]
2026-02-07 03:11:41,195 INFO: Face Recognition Attendance System startup [in C:\Users\Rizki Firmansyah\Documents\CODIBG\Face_Recognition\app.py:64]
2026-02-07 03:11:43,499 INFO: Face Recognition Attendance System startup [in C:\Users\Rizki Firmansyah\Documents\CODIBG\Face_Recognition\app.py:64]
2026-02-07 03:11:45,566 INFO: Face Recognition Attendance System startup [in C:\Users\Rizki Firmansyah\Documents\CODIBG\Face_Recognition\app.py:64]
2026-02-07 03:11:47,831 INFO: Face Recognition Attendance System startup [in C:\Users\Rizki Firmansyah\Documents\CODIBG\Face_Recognition\app.py:64]
2026-02-07 03:11:50,160 INFO: Face Recognition Attendance System startup [in C:\Users\Rizki Firmansyah\Documents\CODIBG\Face_Recognition\app.py:64]
2026-02-07 03:11:52,178 INFO: Face Recognition Attendance System startup [in C:\Users\Rizki Firmansyah\Documents\CODIBG\Face_Recognition\app.py:64]
2026-02-07 03:11:53,886 INFO: Face Recognition Attendance System startup [in C:\Users\Rizki Firmansyah\Documents\CODIBG\Face_Recognition\app.py:64]
2026-02-07 03:11:56,172 INFO: Face Recognition Attendance System startup [in C:\Users\Rizki Firmansyah\Documents\CODIBG\Face_Recognition\app.py:64]
2026-02-07 03:11:58,801 INFO: Face Recognition Attendance System startup [in C:\Users\Rizki Firmansyah\Documents\CODIBG\Face_Recognition\app.py:64]
2026-02-07 03:12:01,230 INFO: Face Recognition Attendance System startup [in C:\Users\Rizki Firmansyah\Documents\CODIBG\Face_Recognition\app.py:64]
2026-02-07 03:12:03,474 INFO: Face Recognition Attendance System startup [in C:\Users\Rizki Firmansyah\Documents\CODIBG\Face_Recognition\app.py:64]
2026-02-07 03:12:05,035 INFO: Face Recognition Attendance System startup [in C:\Users\Rizki Firmansyah\Documents\CODIBG\Face_Recognition\app.py:64]
2026-02-07 03:35:59,897 INFO: Face Recognition Attendance System startup [in C:\Users\Rizki Firmansyah\Documents\CODIBG\Face_Recognition\app.py:64]
2026-02-07 03:36:01,168 INFO: Face Recognition Attendance System startup [in C:\Users\Rizki Firmansyah\Documents\CODIBG\Face_Recognition\app.py:64]
2026-02-07 03:36:58,705 INFO: Face Recognition Attendance System startup [in C:\Users\Rizki Firmansyah\Documents\CODIBG\Face_Recognition\app.py:64]
2026-02-07 03:37:00,018 INFO: Face Recognition Attendance System startup [in C:\Users\Rizki Firmansyah\Documents\CODIBG\Face_Recognition\app.py:64]
2026-02-07 03:37:38,096 INFO: Face Recognition Attendance System startup [in C:\Users\Rizki Firmansyah\Documents\CODIBG\Face_Recognition\app.py:64]
2026-02-07 03:37:39,571 INFO: Face Recognition Attendance System startup [in C:\Users\Rizki Firmansyah\Documents\CODIBG\Face_Recognition\app.py:64]
2026-02-07 03:38:53,910 INFO: Admin login successful [in C:\Users\Rizki Firmansyah\Documents\CODIBG\Face_Recognition\app.py:280]
2026-02-07 03:43:28,081 INFO: Face Recognition Attendance System startup [in C:\Users\Rizki Firmansyah\Documents\CODIBG\Face_Recognition\app.py:64]
2026-02-07 03:44:47,367 INFO: Face Recognition Attendance System startup [in C:\Users\Rizki Firmansyah\Documents\CODIBG\Face_Recognition\app.py:64]
2026-02-07 03:44:48,756 INFO: Face Recognition Attendance System startup [in C:\Users\Rizki Firmansyah\Documents\CODIBG\Face_Recognition\app.py:64]
2026-02-07 03:45:44,718 INFO: Face Recognition Attendance System startup [in C:\Users\Rizki Firmansyah\Documents\CODIBG\Face_Recognition\app.py:64]
2026-02-07 03:51:53,594 INFO: Admin login successful [in C:\Users\Rizki Firmansyah\Documents\CODIBG\Face_Recognition\app.py:280]
2026-02-07 04:11:22,692 INFO: Face Recognition Attendance System startup [in C:\Users\Rizki Firmansyah\Documents\CODIBG\Face_Recognition\app.py:64]
2026-02-07 04:11:31,098 INFO: Face Recognition Attendance System startup [in C:\Users\Rizki Firmansyah\Documents\CODIBG\Face_Recognition\app.py:64]
2026-02-07 04:19:26,140 INFO: Face Recognition Attendance System startup [in C:\Users\Rizki Firmansyah\Documents\CODIBG\Face_Recognition\app.py:64]
2026-02-07 04:21:33,609 INFO: Admin login successful [in C:\Users\Rizki Firmansyah\Documents\CODIBG\Face_Recognition\app.py:280]
2026-02-07 04:24:07,743 INFO: Added student: 123456 - Rizki Firmansyah [in C:\Users\Rizki Firmansyah\Documents\CODIBG\Face_Recognition\app.py:489]
2026-02-07 04:24:25,471 INFO: Attendance marked: 123456 - Rizki Firmansyah [in C:\Users\Rizki Firmansyah\Documents\CODIBG\Face_Recognition\app.py:713]
2026-02-07 04:38:49,917 INFO: Admin login successful [in C:\Users\Rizki Firmansyah\Documents\CODIBG\Face_Recognition\app.py:280]
2026-02-08 00:33:11,889 INFO: Face Recognition Attendance System startup [in C:\Users\Rizki Firmansyah\Documents\CODIBG\Face_Recognition\app.py:64]
2026-02-08 00:33:17,496 INFO: Face Recognition Attendance System startup [in C:\Users\Rizki Firmansyah\Documents\CODIBG\Face_Recognition\app.py:64]
2026-02-08 00:34:03,959 INFO: Attendance marked: 123456 - Rizki Firmansyah [in C:\Users\Rizki Firmansyah\Documents\CODIBG\Face_Recognition\app.py:713]
2026-02-08 00:52:52,240 INFO: Admin login successful [in C:\Users\Rizki Firmansyah\Documents\CODIBG\Face_Recognition\app.py:280]
2026-02-08 01:57:34,240 INFO: Face Recognition Attendance System startup [in C:\Users\Rizki Firmansyah\Documents\CODIBG\Face_Recognition\app.py:64]
2026-02-08 01:58:57,596 INFO: Face Recognition Attendance System startup [in C:\Users\Rizki Firmansyah\Documents\CODIBG\Face_Recognition\app.py:64]
2026-02-08 01:59:27,393 INFO: Face Recognition Attendance System startup [in C:\Users\Rizki Firmansyah\Documents\CODIBG\Face_Recognition\app.py:64]
2026-02-08 01:59:46,292 INFO: Face Recognition Attendance System startup [in C:\Users\Rizki Firmansyah\Documents\CODIBG\Face_Recognition\app.py:64]
2026-02-08 01:59:58,076 INFO: Face Recognition Attendance System startup [in C:\Users\Rizki Firmansyah\Documents\CODIBG\Face_Recognition\app.py:64]
2026-02-08 02:01:11,293 INFO: Face Recognition Attendance System startup [in C:\Users\Rizki Firmansyah\Documents\CODIBG\Face_Recognition\app.py:64]
2026-02-08 02:01:13,081 INFO: Face Recognition Attendance System startup [in C:\Users\Rizki Firmansyah\Documents\CODIBG\Face_Recognition\app.py:64]
2026-02-08 02:01:40,531 INFO: Face Recognition Attendance System startup [in C:\Users\Rizki Firmansyah\Documents\CODIBG\Face_Recognition\app.py:64]
2026-02-08 02:06:40,053 INFO: Face Recognition Attendance System startup [in C:\Users\Rizki Firmansyah\Documents\CODIBG\Face_Recognition\app.py:64]
2026-02-08 02:06:47,659 INFO: Face Recognition Attendance System startup [in C:\Users\Rizki Firmansyah\Documents\CODIBG\Face_Recognition\app.py:64]
2026-02-08 02:06:56,461 INFO: Face Recognition Attendance System startup [in C:\Users\Rizki Firmansyah\Documents\CODIBG\Face_Recognition\app.py:64]
2026-02-08 02:07:01,371 INFO: Face Recognition Attendance System startup [in C:\Users\Rizki Firmansyah\Documents\CODIBG\Face_Recognition\app.py:64]
2026-02-08 02:07:15,472 INFO: Face Recognition Attendance System startup [in C:\Users\Rizki Firmansyah\Documents\CODIBG\Face_Recognition\app.py:64]
2026-02-08 02:07:20,196 INFO: Face Recognition Attendance System startup [in C:\Users\Rizki Firmansyah\Documents\CODIBG\Face_Recognition\app.py:64]
2026-02-08 02:08:00,197 INFO: Face Recognition Attendance System startup [in C:\Users\Rizki Firmansyah\Documents\CODIBG\Face_Recognition\app.py:64]
2026-02-08 02:08:04,593 INFO: Face Recognition Attendance System startup [in C:\Users\Rizki Firmansyah\Documents\CODIBG\Face_Recognition\app.py:64]
2026-02-08 02:10:51,625 INFO: Face Recognition Attendance System startup [in C:\Users\Rizki Firmansyah\Documents\CODIBG\Face_Recognition\app.py:64]
2026-02-08 02:10:53,735 INFO: Face Recognition Attendance System startup [in C:\Users\Rizki Firmansyah\Documents\CODIBG\Face_Recognition\app.py:64]
2026-02-08 02:11:36,532 INFO: Admin login successful [in C:\Users\Rizki Firmansyah\Documents\CODIBG\Face_Recognition\app.py:306]
2026-02-08 02:13:20,468 INFO: Face Recognition Attendance System startup [in C:\Users\Rizki Firmansyah\Documents\CODIBG\Face_Recognition\app.py:64]
2026-02-08 02:13:28,536 INFO: Face Recognition Attendance System startup [in C:\Users\Rizki Firmansyah\Documents\CODIBG\Face_Recognition\app.py:64]
2026-02-08 02:13:45,921 INFO: Face Recognition Attendance System startup [in C:\Users\Rizki Firmansyah\Documents\CODIBG\Face_Recognition\app.py:64]
2026-02-08 02:14:15,583 INFO: Face Recognition Attendance System startup [in C:\Users\Rizki Firmansyah\Documents\CODIBG\Face_Recognition\app.py:64]
2026-02-08 02:15:17,558 INFO: Face Recognition Attendance System startup [in C:\Users\Rizki Firmansyah\Documents\CODIBG\Face_Recognition\app.py:64]
2026-02-08 02:16:29,811 INFO: Face Recognition Attendance System startup [in C:\Users\Rizki Firmansyah\Documents\CODIBG\Face_Recognition\app.py:64]
2026-02-08 02:16:46,282 INFO: Face Recognition Attendance System startup [in C:\Users\Rizki Firmansyah\Documents\CODIBG\Face_Recognition\app.py:64]
2026-02-08 02:17:16,289 INFO: Face Recognition Attendance System startup [in C:\Users\Rizki Firmansyah\Documents\CODIBG\Face_Recognition\app.py:64]
2026-02-08 02:17:21,621 INFO: Face Recognition Attendance System startup [in C:\Users\Rizki Firmansyah\Documents\CODIBG\Face_Recognition\app.py:64]
2026-02-08 02:17:43,485 ERROR: mark_attendance_api_failed [in C:\Users\Rizki Firmansyah\Documents\CODIBG\Face_Recognition\app.py:969]
Traceback (most recent call last):
  File "C:\Users\Rizki Firmansyah\Documents\CODIBG\Face_Recognition\app.py", line 874, in mark_attendance_api
    gray = cv2.cvtColor(rgb_image[top:bottom, left:right], cv2.COLOR_RGB2GRAY)
           ^^^^^^^^^^^^
AttributeError: 'NoneType' object has no attribute 'cvtColor'
2026-02-08 02:17:54,616 ERROR: mark_attendance_api_failed [in C:\Users\Rizki Firmansyah\Documents\CODIBG\Face_Recognition\app.py:969]
Traceback (most recent call last):
  File "C:\Users\Rizki Firmansyah\Documents\CODIBG\Face_Recognition\app.py", line 874, in mark_attendance_api
    gray = cv2.cvtColor(rgb_image[top:bottom, left:right], cv2.COLOR_RGB2GRAY)
           ^^^^^^^^^^^^
AttributeError: 'NoneType' object has no attribute 'cvtColor'
2026-02-08 02:17:59,005 ERROR: mark_attendance_api_failed [in C:\Users\Rizki Firmansyah\Documents\CODIBG\Face_Recognition\app.py:969]
Traceback (most recent call last):
  File "C:\Users\Rizki Firmansyah\Documents\CODIBG\Face_Recognition\app.py", line 874, in mark_attendance_api
    gray = cv2.cvtColor(rgb_image[top:bottom, left:right], cv2.COLOR_RGB2GRAY)
           ^^^^^^^^^^^^
AttributeError: 'NoneType' object has no attribute 'cvtColor'
2026-02-08 02:18:14,421 ERROR: mark_attendance_api_failed [in C:\Users\Rizki Firmansyah\Documents\CODIBG\Face_Recognition\app.py:969]
Traceback (most recent call last):
  File "C:\Users\Rizki Firmansyah\Documents\CODIBG\Face_Recognition\app.py", line 874, in mark_attendance_api
    gray = cv2.cvtColor(rgb_image[top:bottom, left:right], cv2.COLOR_RGB2GRAY)
           ^^^^^^^^^^^^
AttributeError: 'NoneType' object has no attribute 'cvtColor'
2026-02-08 02:18:47,403 INFO: Face Recognition Attendance System startup [in C:\Users\Rizki Firmansyah\Documents\CODIBG\Face_Recognition\app.py:64]
2026-02-08 02:19:10,111 ERROR: mark_attendance_api_failed [in C:\Users\Rizki Firmansyah\Documents\CODIBG\Face_Recognition\app.py:969]
Traceback (most recent call last):
  File "C:\Users\Rizki Firmansyah\Documents\CODIBG\Face_Recognition\app.py", line 874, in mark_attendance_api
    gray = cv2.cvtColor(rgb_image[top:bottom, left:right], cv2.COLOR_RGB2GRAY)
           ^^^^^^^^^^^^
AttributeError: 'NoneType' object has no attribute 'cvtColor'
2026-02-08 02:19:23,397 ERROR: mark_attendance_api_failed [in C:\Users\Rizki Firmansyah\Documents\CODIBG\Face_Recognition\app.py:969]
Traceback (most recent call last):
  File "C:\Users\Rizki Firmansyah\Documents\CODIBG\Face_Recognition\app.py", line 874, in mark_attendance_api
    gray = cv2.cvtColor(rgb_image[top:bottom, left:right], cv2.COLOR_RGB2GRAY)
           ^^^^^^^^^^^^
AttributeError: 'NoneType' object has no attribute 'cvtColor'
2026-02-13 16:38:09,655 INFO: Face Recognition Attendance System startup [in C:\Users\Rizki Firmansyah\Documents\CODIBG\Face_Recognition\app.py:64]
2026-02-13 16:38:16,035 INFO: Face Recognition Attendance System startup [in C:\Users\Rizki Firmansyah\Documents\CODIBG\Face_Recognition\app.py:64]
2026-02-13 16:38:23,100 INFO: Face Recognition Attendance System startup [in C:\Users\Rizki Firmansyah\Documents\CODIBG\Face_Recognition\app.py:64]
2026-02-13 16:38:28,922 INFO: Face Recognition Attendance System startup [in C:\Users\Rizki Firmansyah\Documents\CODIBG\Face_Recognition\app.py:64]
2026-02-13 16:38:33,894 INFO: Face Recognition Attendance System startup [in C:\Users\Rizki Firmansyah\Documents\CODIBG\Face_Recognition\app.py:64]
2026-02-13 16:38:39,394 INFO: Face Recognition Attendance System startup [in C:\Users\Rizki Firmansyah\Documents\CODIBG\Face_Recognition\app.py:64]
2026-02-13 16:38:44,410 INFO: Face Recognition Attendance System startup [in C:\Users\Rizki Firmansyah\Documents\CODIBG\Face_Recognition\app.py:64]
2026-02-13 16:38:48,863 INFO: Face Recognition Attendance System startup [in C:\Users\Rizki Firmansyah\Documents\CODIBG\Face_Recognition\app.py:64]
2026-02-13 16:38:53,177 INFO: Face Recognition Attendance System startup [in C:\Users\Rizki Firmansyah\Documents\CODIBG\Face_Recognition\app.py:64]
2026-02-13 16:38:57,490 INFO: Face Recognition Attendance System startup [in C:\Users\Rizki Firmansyah\Documents\CODIBG\Face_Recognition\app.py:64]
2026-02-13 16:39:01,732 INFO: Face Recognition Attendance System startup [in C:\Users\Rizki Firmansyah\Documents\CODIBG\Face_Recognition\app.py:64]
2026-02-13 16:39:05,976 INFO: Face Recognition Attendance System startup [in C:\Users\Rizki Firmansyah\Documents\CODIBG\Face_Recognition\app.py:64]
2026-02-13 16:39:11,010 INFO: Face Recognition Attendance System startup [in C:\Users\Rizki Firmansyah\Documents\CODIBG\Face_Recognition\app.py:64]
2026-02-13 16:39:16,140 INFO: Face Recognition Attendance System startup [in C:\Users\Rizki Firmansyah\Documents\CODIBG\Face_Recognition\app.py:64]
2026-02-13 16:39:21,192 INFO: Face Recognition Attendance System startup [in C:\Users\Rizki Firmansyah\Documents\CODIBG\Face_Recognition\app.py:64]
2026-02-13 16:39:25,442 INFO: Face Recognition Attendance System startup [in C:\Users\Rizki Firmansyah\Documents\CODIBG\Face_Recognition\app.py:64]
2026-02-13 16:39:29,807 INFO: Face Recognition Attendance System startup [in C:\Users\Rizki Firmansyah\Documents\CODIBG\Face_Recognition\app.py:64]
2026-02-13 16:39:34,198 INFO: Face Recognition Attendance System startup [in C:\Users\Rizki Firmansyah\Documents\CODIBG\Face_Recognition\app.py:64]
2026-02-13 16:39:38,326 INFO: Face Recognition Attendance System startup [in C:\Users\Rizki Firmansyah\Documents\CODIBG\Face_Recognition\app.py:64]
2026-02-13 16:39:42,472 INFO: Face Recognition Attendance System startup [in C:\Users\Rizki Firmansyah\Documents\CODIBG\Face_Recognition\app.py:64]
2026-02-13 16:39:46,654 INFO: Face Recognition Attendance System startup [in C:\Users\Rizki Firmansyah\Documents\CODIBG\Face_Recognition\app.py:64]
2026-02-13 16:39:50,818 INFO: Face Recognition Attendance System startup [in C:\Users\Rizki Firmansyah\Documents\CODIBG\Face_Recognition\app.py:64]
2026-02-13 16:39:54,984 INFO: Face Recognition Attendance System startup [in C:\Users\Rizki Firmansyah\Documents\CODIBG\Face_Recognition\app.py:64]
2026-02-13 16:39:59,257 INFO: Face Recognition Attendance System startup [in C:\Users\Rizki Firmansyah\Documents\CODIBG\Face_Recognition\app.py:64]
2026-02-13 16:40:03,633 INFO: Face Recognition Attendance System startup [in C:\Users\Rizki Firmansyah\Documents\CODIBG\Face_Recognition\app.py:64]
2026-02-13 16:40:53,480 INFO: Admin login successful [in C:\Users\Rizki Firmansyah\Documents\CODIBG\Face_Recognition\app.py:306]
2026-02-13 16:43:35,024 INFO: Added student: 116543 - DINDA IMUT [in C:\Users\Rizki Firmansyah\Documents\CODIBG\Face_Recognition\app.py:567]
2026-02-13 16:43:54,390 ERROR: mark_attendance_api_failed [in C:\Users\Rizki Firmansyah\Documents\CODIBG\Face_Recognition\app.py:969]
Traceback (most recent call last):
  File "C:\Users\Rizki Firmansyah\Documents\CODIBG\Face_Recognition\app.py", line 874, in mark_attendance_api
    gray = cv2.cvtColor(rgb_image[top:bottom, left:right], cv2.COLOR_RGB2GRAY)
           ^^^^^^^^^^^^
AttributeError: 'NoneType' object has no attribute 'cvtColor'
2026-02-13 16:44:00,687 ERROR: mark_attendance_api_failed [in C:\Users\Rizki Firmansyah\Documents\CODIBG\Face_Recognition\app.py:969]
Traceback (most recent call last):
  File "C:\Users\Rizki Firmansyah\Documents\CODIBG\Face_Recognition\app.py", line 874, in mark_attendance_api
    gray = cv2.cvtColor(rgb_image[top:bottom, left:right], cv2.COLOR_RGB2GRAY)
           ^^^^^^^^^^^^
AttributeError: 'NoneType' object has no attribute 'cvtColor'
2026-02-13 16:44:05,177 ERROR: mark_attendance_api_failed [in C:\Users\Rizki Firmansyah\Documents\CODIBG\Face_Recognition\app.py:969]
Traceback (most recent call last):
  File "C:\Users\Rizki Firmansyah\Documents\CODIBG\Face_Recognition\app.py", line 874, in mark_attendance_api
    gray = cv2.cvtColor(rgb_image[top:bottom, left:right], cv2.COLOR_RGB2GRAY)
           ^^^^^^^^^^^^
AttributeError: 'NoneType' object has no attribute 'cvtColor'
2026-02-13 16:44:10,198 ERROR: mark_attendance_api_failed [in C:\Users\Rizki Firmansyah\Documents\CODIBG\Face_Recognition\app.py:969]
Traceback (most recent call last):
  File "C:\Users\Rizki Firmansyah\Documents\CODIBG\Face_Recognition\app.py", line 874, in mark_attendance_api
    gray = cv2.cvtColor(rgb_image[top:bottom, left:right], cv2.COLOR_RGB2GRAY)
           ^^^^^^^^^^^^
AttributeError: 'NoneType' object has no attribute 'cvtColor'
2026-02-13 16:45:25,519 INFO: Face Recognition Attendance System startup [in C:\Users\Rizki Firmansyah\Documents\CODIBG\Face_Recognition\app.py:64]
2026-02-13 16:45:29,974 INFO: Face Recognition Attendance System startup [in C:\Users\Rizki Firmansyah\Documents\CODIBG\Face_Recognition\app.py:64]
2026-02-13 16:45:34,117 INFO: Face Recognition Attendance System startup [in C:\Users\Rizki Firmansyah\Documents\CODIBG\Face_Recognition\app.py:64]
2026-02-13 16:45:38,342 INFO: Face Recognition Attendance System startup [in C:\Users\Rizki Firmansyah\Documents\CODIBG\Face_Recognition\app.py:64]
2026-02-13 16:45:42,923 INFO: Face Recognition Attendance System startup [in C:\Users\Rizki Firmansyah\Documents\CODIBG\Face_Recognition\app.py:64]
2026-02-13 16:45:47,109 INFO: Face Recognition Attendance System startup [in C:\Users\Rizki Firmansyah\Documents\CODIBG\Face_Recognition\app.py:64]
2026-02-13 16:45:51,343 INFO: Face Recognition Attendance System startup [in C:\Users\Rizki Firmansyah\Documents\CODIBG\Face_Recognition\app.py:64]
2026-02-13 16:45:55,676 INFO: Face Recognition Attendance System startup [in C:\Users\Rizki Firmansyah\Documents\CODIBG\Face_Recognition\app.py:64]
2026-02-13 16:46:00,055 INFO: Face Recognition Attendance System startup [in C:\Users\Rizki Firmansyah\Documents\CODIBG\Face_Recognition\app.py:64]
2026-02-13 16:46:04,362 INFO: Face Recognition Attendance System startup [in C:\Users\Rizki Firmansyah\Documents\CODIBG\Face_Recognition\app.py:64]
2026-02-13 16:46:08,555 INFO: Face Recognition Attendance System startup [in C:\Users\Rizki Firmansyah\Documents\CODIBG\Face_Recognition\app.py:64]
2026-02-13 16:46:12,731 INFO: Face Recognition Attendance System startup [in C:\Users\Rizki Firmansyah\Documents\CODIBG\Face_Recognition\app.py:64]
2026-02-13 16:46:17,011 INFO: Face Recognition Attendance System startup [in C:\Users\Rizki Firmansyah\Documents\CODIBG\Face_Recognition\app.py:64]
2026-02-13 16:46:21,314 INFO: Face Recognition Attendance System startup [in C:\Users\Rizki Firmansyah\Documents\CODIBG\Face_Recognition\app.py:64]
2026-02-13 16:46:25,506 INFO: Face Recognition Attendance System startup [in C:\Users\Rizki Firmansyah\Documents\CODIBG\Face_Recognition\app.py:64]
2026-02-13 16:46:29,657 INFO: Face Recognition Attendance System startup [in C:\Users\Rizki Firmansyah\Documents\CODIBG\Face_Recognition\app.py:64]
2026-02-13 16:46:34,193 INFO: Face Recognition Attendance System startup [in C:\Users\Rizki Firmansyah\Documents\CODIBG\Face_Recognition\app.py:64]
2026-02-13 16:46:38,348 INFO: Face Recognition Attendance System startup [in C:\Users\Rizki Firmansyah\Documents\CODIBG\Face_Recognition\app.py:64]
2026-02-13 16:46:42,531 INFO: Face Recognition Attendance System startup [in C:\Users\Rizki Firmansyah\Documents\CODIBG\Face_Recognition\app.py:64]
2026-02-13 16:46:46,825 INFO: Face Recognition Attendance System startup [in C:\Users\Rizki Firmansyah\Documents\CODIBG\Face_Recognition\app.py:64]
2026-02-13 16:46:50,889 INFO: Face Recognition Attendance System startup [in C:\Users\Rizki Firmansyah\Documents\CODIBG\Face_Recognition\app.py:64]
2026-02-17 20:08:56,330 INFO: Face Recognition Attendance System startup [in C:\Users\Rizki Firmansyah\Documents\CODIBG\Face_Recognition\app.py:67]
2026-02-17 20:09:02,080 INFO: Face Recognition Attendance System startup [in C:\Users\Rizki Firmansyah\Documents\CODIBG\Face_Recognition\app.py:67]
2026-02-17 20:14:04,344 INFO: Login successful for admin [in C:\Users\Rizki Firmansyah\Documents\CODIBG\Face_Recognition\app.py:320]
2026-02-17 20:14:35,082 ERROR: mark_attendance_api_failed [in C:\Users\Rizki Firmansyah\Documents\CODIBG\Face_Recognition\app.py:1008]
Traceback (most recent call last):
  File "C:\Users\Rizki Firmansyah\Documents\CODIBG\Face_Recognition\app.py", line 913, in mark_attendance_api
    gray = cv2.cvtColor(rgb_image[top:bottom, left:right], cv2.COLOR_RGB2GRAY)
           ^^^^^^^^^^^^
AttributeError: 'NoneType' object has no attribute 'cvtColor'
2026-02-17 20:14:41,813 ERROR: mark_attendance_api_failed [in C:\Users\Rizki Firmansyah\Documents\CODIBG\Face_Recognition\app.py:1008]
Traceback (most recent call last):
  File "C:\Users\Rizki Firmansyah\Documents\CODIBG\Face_Recognition\app.py", line 913, in mark_attendance_api
    gray = cv2.cvtColor(rgb_image[top:bottom, left:right], cv2.COLOR_RGB2GRAY)
           ^^^^^^^^^^^^
AttributeError: 'NoneType' object has no attribute 'cvtColor'
2026-02-17 20:14:46,104 ERROR: mark_attendance_api_failed [in C:\Users\Rizki Firmansyah\Documents\CODIBG\Face_Recognition\app.py:1008]
Traceback (most recent call last):
  File "C:\Users\Rizki Firmansyah\Documents\CODIBG\Face_Recognition\app.py", line 913, in mark_attendance_api
    gray = cv2.cvtColor(rgb_image[top:bottom, left:right], cv2.COLOR_RGB2GRAY)
           ^^^^^^^^^^^^
AttributeError: 'NoneType' object has no attribute 'cvtColor'
2026-02-17 20:14:53,822 ERROR: mark_attendance_api_failed [in C:\Users\Rizki Firmansyah\Documents\CODIBG\Face_Recognition\app.py:1008]
Traceback (most recent call last):
  File "C:\Users\Rizki Firmansyah\Documents\CODIBG\Face_Recognition\app.py", line 913, in mark_attendance_api
    gray = cv2.cvtColor(rgb_image[top:bottom, left:right], cv2.COLOR_RGB2GRAY)
           ^^^^^^^^^^^^
AttributeError: 'NoneType' object has no attribute 'cvtColor'
2026-02-17 20:14:57,937 ERROR: mark_attendance_api_failed [in C:\Users\Rizki Firmansyah\Documents\CODIBG\Face_Recognition\app.py:1008]
Traceback (most recent call last):
  File "C:\Users\Rizki Firmansyah\Documents\CODIBG\Face_Recognition\app.py", line 913, in mark_attendance_api
    gray = cv2.cvtColor(rgb_image[top:bottom, left:right], cv2.COLOR_RGB2GRAY)
           ^^^^^^^^^^^^
AttributeError: 'NoneType' object has no attribute 'cvtColor'
2026-02-17 20:19:04,887 INFO: Face Recognition Attendance System startup [in C:\Users\Rizki Firmansyah\Documents\CODIBG\Face_Recognition\app.py:67]
2026-02-17 21:39:29,156 INFO: Face Recognition Attendance System startup [in C:\Users\Rizki Firmansyah\Documents\CODIBG\Face_Recognition\app.py:67]
2026-02-17 21:46:01,245 INFO: Face Recognition Attendance System startup [in C:\Users\Rizki Firmansyah\Documents\CODIBG\Face_Recognition\app.py:67]
2026-02-17 21:46:10,469 INFO: Face Recognition Attendance System startup [in C:\Users\Rizki Firmansyah\Documents\CODIBG\Face_Recognition\app.py:67]
2026-02-17 22:39:35,312 INFO: Login successful for admin [in C:\Users\Rizki Firmansyah\Documents\CODIBG\Face_Recognition\app.py:326]
2026-02-17 22:39:42,404 INFO: Face Recognition Attendance System startup [in C:\Users\Rizki Firmansyah\Documents\CODIBG\Face_Recognition\app.py:67]
2026-02-17 22:39:56,621 WARNING: Failed login attempt for admin [in C:\Users\Rizki Firmansyah\Documents\CODIBG\Face_Recognition\app.py:330]
2026-02-18 08:51:06,348 INFO: Face Recognition Attendance System startup [in C:\Users\Rizki Firmansyah\Documents\CODIBG\Face_Recognition\app.py:67]
2026-02-18 08:51:17,468 INFO: Face Recognition Attendance System startup [in C:\Users\Rizki Firmansyah\Documents\CODIBG\Face_Recognition\app.py:67]
2026-02-18 08:51:25,338 INFO: Face Recognition Attendance System startup [in C:\Users\Rizki Firmansyah\Documents\CODIBG\Face_Recognition\app.py:67]
2026-02-18 08:51:37,489 INFO: Face Recognition Attendance System startup [in C:\Users\Rizki Firmansyah\Documents\CODIBG\Face_Recognition\app.py:67]
2026-02-18 08:51:47,607 INFO: Face Recognition Attendance System startup [in C:\Users\Rizki Firmansyah\Documents\CODIBG\Face_Recognition\app.py:67]
2026-02-18 08:51:57,320 INFO: Face Recognition Attendance System startup [in C:\Users\Rizki Firmansyah\Documents\CODIBG\Face_Recognition\app.py:67]
2026-02-18 08:52:08,337 INFO: Face Recognition Attendance System startup [in C:\Users\Rizki Firmansyah\Documents\CODIBG\Face_Recognition\app.py:67]
2026-02-18 08:52:17,427 INFO: Face Recognition Attendance System startup [in C:\Users\Rizki Firmansyah\Documents\CODIBG\Face_Recognition\app.py:67]
2026-02-18 08:52:26,233 INFO: Face Recognition Attendance System startup [in C:\Users\Rizki Firmansyah\Documents\CODIBG\Face_Recognition\app.py:67]
2026-02-18 08:52:33,638 INFO: Face Recognition Attendance System startup [in C:\Users\Rizki Firmansyah\Documents\CODIBG\Face_Recognition\app.py:67]
2026-02-18 08:52:41,417 INFO: Face Recognition Attendance System startup [in C:\Users\Rizki Firmansyah\Documents\CODIBG\Face_Recognition\app.py:67]
2026-02-18 08:52:50,034 INFO: Face Recognition Attendance System startup [in C:\Users\Rizki Firmansyah\Documents\CODIBG\Face_Recognition\app.py:67]
2026-02-18 08:52:57,618 INFO: Face Recognition Attendance System startup [in C:\Users\Rizki Firmansyah\Documents\CODIBG\Face_Recognition\app.py:67]
2026-02-18 08:53:06,701 INFO: Face Recognition Attendance System startup [in C:\Users\Rizki Firmansyah\Documents\CODIBG\Face_Recognition\app.py:67]
2026-02-18 08:53:14,644 INFO: Face Recognition Attendance System startup [in C:\Users\Rizki Firmansyah\Documents\CODIBG\Face_Recognition\app.py:67]
2026-02-18 08:53:40,446 INFO: Login successful for admin [in C:\Users\Rizki Firmansyah\Documents\CODIBG\Face_Recognition\app.py:353]
2026-02-27 20:22:15,318 INFO: Face Recognition Attendance System startup [in C:\Users\Rizki Firmansyah\Documents\CODIBG\Face_Recognition\app.py:67]
2026-02-27 20:22:21,419 INFO: Face Recognition Attendance System startup [in C:\Users\Rizki Firmansyah\Documents\CODIBG\Face_Recognition\app.py:67]
2026-02-27 20:22:27,660 INFO: Face Recognition Attendance System startup [in C:\Users\Rizki Firmansyah\Documents\CODIBG\Face_Recognition\app.py:67]
2026-02-27 20:22:33,947 INFO: Face Recognition Attendance System startup [in C:\Users\Rizki Firmansyah\Documents\CODIBG\Face_Recognition\app.py:67]
2026-02-27 20:22:40,281 INFO: Face Recognition Attendance System startup [in C:\Users\Rizki Firmansyah\Documents\CODIBG\Face_Recognition\app.py:67]
2026-02-27 20:23:26,538 INFO: Login successful for admin [in C:\Users\Rizki Firmansyah\Documents\CODIBG\Face_Recognition\app.py:353]
2026-02-27 20:23:32,688 INFO: Face Recognition Attendance System startup [in C:\Users\Rizki Firmansyah\Documents\CODIBG\Face_Recognition\app.py:67]
2026-02-27 20:24:02,469 INFO: Login successful for admin [in C:\Users\Rizki Firmansyah\Documents\CODIBG\Face_Recognition\app.py:353]
2026-02-27 20:32:55,100 INFO: Face Recognition Attendance System startup [in C:\Users\Rizki Firmansyah\Documents\CODIBG\Face_Recognition\app\__init__.py:42]
2026-02-27 20:33:45,250 INFO: Face Recognition Attendance System startup [in C:\Users\Rizki Firmansyah\Documents\CODIBG\Face_Recognition\app\__init__.py:42]
2026-02-27 20:33:53,394 INFO: Face Recognition Attendance System startup [in C:\Users\Rizki Firmansyah\Documents\CODIBG\Face_Recognition\app\__init__.py:42]
2026-02-27 20:34:04,804 INFO: Face Recognition Attendance System startup [in C:\Users\Rizki Firmansyah\Documents\CODIBG\Face_Recognition\app\__init__.py:42]
2026-02-27 20:34:28,979 INFO: Face Recognition Attendance System startup [in C:\Users\Rizki Firmansyah\Documents\CODIBG\Face_Recognition\app\__init__.py:42]
2026-02-27 20:34:42,383 INFO: Face Recognition Attendance System startup [in C:\Users\Rizki Firmansyah\Documents\CODIBG\Face_Recognition\app\__init__.py:42]
2026-02-27 20:34:51,223 INFO: Face Recognition Attendance System startup [in C:\Users\Rizki Firmansyah\Documents\CODIBG\Face_Recognition\app\__init__.py:42]
2026-02-27 20:35:02,374 INFO: Face Recognition Attendance System startup [in C:\Users\Rizki Firmansyah\Documents\CODIBG\Face_Recognition\app\__init__.py:42]
2026-02-27 20:35:19,315 INFO: Face Recognition Attendance System startup [in C:\Users\Rizki Firmansyah\Documents\CODIBG\Face_Recognition\app\__init__.py:42]
2026-02-27 20:35:28,054 INFO: Face Recognition Attendance System startup [in C:\Users\Rizki Firmansyah\Documents\CODIBG\Face_Recognition\app\__init__.py:42]
2026-03-03 17:56:10,018 INFO: Face Recognition Attendance System startup [in C:\Users\Rizki Firmansyah\Documents\CODIBG\Face_Recognition\app\__init__.py:42]
2026-03-03 17:58:15,289 INFO: Face Recognition Attendance System startup [in C:\Users\Rizki Firmansyah\Documents\CODIBG\Face_Recognition\app\__init__.py:42]
2026-03-03 17:58:21,971 INFO: Face Recognition Attendance System startup [in C:\Users\Rizki Firmansyah\Documents\CODIBG\Face_Recognition\app\__init__.py:42]
2026-03-03 17:59:46,090 INFO: Face Recognition Attendance System startup [in C:\Users\Rizki Firmansyah\Documents\CODIBG\Face_Recognition\app\__init__.py:42]
2026-03-09 08:36:42,721 INFO: Face Recognition Attendance System startup [in C:\Users\Rizki Firmansyah\Documents\CODIBG\Face_Recognition\app\__init__.py:42]
2026-03-09 08:36:48,798 INFO: Face Recognition Attendance System startup [in C:\Users\Rizki Firmansyah\Documents\CODIBG\Face_Recognition\app\__init__.py:42]
2026-03-09 08:37:31,993 INFO: Login successful for admin [in C:\Users\Rizki Firmansyah\Documents\CODIBG\Face_Recognition\app\routes\auth.py:66]
2026-03-09 08:37:58,642 INFO: Face cache synced: 9 encodings loaded. [in C:\Users\Rizki Firmansyah\Documents\CODIBG\Face_Recognition\app\services\face_service.py:38]
2026-03-09 08:38:00,776 ERROR: mark_attendance_api_failed [in C:\Users\Rizki Firmansyah\Documents\CODIBG\Face_Recognition\app\routes\attendance.py:201]
Traceback (most recent call last):
  File "C:\Users\Rizki Firmansyah\Documents\CODIBG\Face_Recognition\app\routes\attendance.py", line 106, in mark_attendance_api
    gray = cv2.cvtColor(rgb_image[top:bottom, left:right], cv2.COLOR_RGB2GRAY)
           ^^^^^^^^^^^^
AttributeError: 'NoneType' object has no attribute 'cvtColor'
2026-03-09 08:38:04,764 ERROR: mark_attendance_api_failed [in C:\Users\Rizki Firmansyah\Documents\CODIBG\Face_Recognition\app\routes\attendance.py:201]
Traceback (most recent call last):
  File "C:\Users\Rizki Firmansyah\Documents\CODIBG\Face_Recognition\app\routes\attendance.py", line 106, in mark_attendance_api
    gray = cv2.cvtColor(rgb_image[top:bottom, left:right], cv2.COLOR_RGB2GRAY)
           ^^^^^^^^^^^^
AttributeError: 'NoneType' object has no attribute 'cvtColor'
2026-03-09 08:38:08,698 ERROR: mark_attendance_api_failed [in C:\Users\Rizki Firmansyah\Documents\CODIBG\Face_Recognition\app\routes\attendance.py:201]
Traceback (most recent call last):
  File "C:\Users\Rizki Firmansyah\Documents\CODIBG\Face_Recognition\app\routes\attendance.py", line 106, in mark_attendance_api
    gray = cv2.cvtColor(rgb_image[top:bottom, left:right], cv2.COLOR_RGB2GRAY)
           ^^^^^^^^^^^^
AttributeError: 'NoneType' object has no attribute 'cvtColor'
2026-03-09 08:38:12,901 ERROR: mark_attendance_api_failed [in C:\Users\Rizki Firmansyah\Documents\CODIBG\Face_Recognition\app\routes\attendance.py:201]
Traceback (most recent call last):
  File "C:\Users\Rizki Firmansyah\Documents\CODIBG\Face_Recognition\app\routes\attendance.py", line 106, in mark_attendance_api
    gray = cv2.cvtColor(rgb_image[top:bottom, left:right], cv2.COLOR_RGB2GRAY)
           ^^^^^^^^^^^^
AttributeError: 'NoneType' object has no attribute 'cvtColor'
2026-03-09 08:38:23,528 ERROR: mark_attendance_api_failed [in C:\Users\Rizki Firmansyah\Documents\CODIBG\Face_Recognition\app\routes\attendance.py:201]
Traceback (most recent call last):
  File "C:\Users\Rizki Firmansyah\Documents\CODIBG\Face_Recognition\app\routes\attendance.py", line 106, in mark_attendance_api
    gray = cv2.cvtColor(rgb_image[top:bottom, left:right], cv2.COLOR_RGB2GRAY)
           ^^^^^^^^^^^^
AttributeError: 'NoneType' object has no attribute 'cvtColor'
2026-03-09 08:38:52,894 ERROR: mark_attendance_api_failed [in C:\Users\Rizki Firmansyah\Documents\CODIBG\Face_Recognition\app\routes\attendance.py:201]
Traceback (most recent call last):
  File "C:\Users\Rizki Firmansyah\Documents\CODIBG\Face_Recognition\app\routes\attendance.py", line 106, in mark_attendance_api
    gray = cv2.cvtColor(rgb_image[top:bottom, left:right], cv2.COLOR_RGB2GRAY)
           ^^^^^^^^^^^^
AttributeError: 'NoneType' object has no attribute 'cvtColor'
2026-03-09 08:39:08,799 ERROR: mark_attendance_api_failed [in C:\Users\Rizki Firmansyah\Documents\CODIBG\Face_Recognition\app\routes\attendance.py:201]
Traceback (most recent call last):
  File "C:\Users\Rizki Firmansyah\Documents\CODIBG\Face_Recognition\app\routes\attendance.py", line 106, in mark_attendance_api
    gray = cv2.cvtColor(rgb_image[top:bottom, left:right], cv2.COLOR_RGB2GRAY)
           ^^^^^^^^^^^^
AttributeError: 'NoneType' object has no attribute 'cvtColor'
2026-03-09 08:39:12,902 ERROR: mark_attendance_api_failed [in C:\Users\Rizki Firmansyah\Documents\CODIBG\Face_Recognition\app\routes\attendance.py:201]
Traceback (most recent call last):
  File "C:\Users\Rizki Firmansyah\Documents\CODIBG\Face_Recognition\app\routes\attendance.py", line 106, in mark_attendance_api
    gray = cv2.cvtColor(rgb_image[top:bottom, left:right], cv2.COLOR_RGB2GRAY)
           ^^^^^^^^^^^^
AttributeError: 'NoneType' object has no attribute 'cvtColor'
2026-03-09 08:39:16,805 ERROR: mark_attendance_api_failed [in C:\Users\Rizki Firmansyah\Documents\CODIBG\Face_Recognition\app\routes\attendance.py:201]
Traceback (most recent call last):
  File "C:\Users\Rizki Firmansyah\Documents\CODIBG\Face_Recognition\app\routes\attendance.py", line 106, in mark_attendance_api
    gray = cv2.cvtColor(rgb_image[top:bottom, left:right], cv2.COLOR_RGB2GRAY)
           ^^^^^^^^^^^^
AttributeError: 'NoneType' object has no attribute 'cvtColor'
2026-03-09 08:39:20,871 ERROR: mark_attendance_api_failed [in C:\Users\Rizki Firmansyah\Documents\CODIBG\Face_Recognition\app\routes\attendance.py:201]
Traceback (most recent call last):
  File "C:\Users\Rizki Firmansyah\Documents\CODIBG\Face_Recognition\app\routes\attendance.py", line 106, in mark_attendance_api
    gray = cv2.cvtColor(rgb_image[top:bottom, left:right], cv2.COLOR_RGB2GRAY)
           ^^^^^^^^^^^^
AttributeError: 'NoneType' object has no attribute 'cvtColor'
2026-03-09 08:39:43,328 ERROR: mark_attendance_api_failed [in C:\Users\Rizki Firmansyah\Documents\CODIBG\Face_Recognition\app\routes\attendance.py:201]
Traceback (most recent call last):
  File "C:\Users\Rizki Firmansyah\Documents\CODIBG\Face_Recognition\app\routes\attendance.py", line 106, in mark_attendance_api
    gray = cv2.cvtColor(rgb_image[top:bottom, left:right], cv2.COLOR_RGB2GRAY)
           ^^^^^^^^^^^^
AttributeError: 'NoneType' object has no attribute 'cvtColor'
2026-03-09 08:39:47,420 ERROR: mark_attendance_api_failed [in C:\Users\Rizki Firmansyah\Documents\CODIBG\Face_Recognition\app\routes\attendance.py:201]
Traceback (most recent call last):
  File "C:\Users\Rizki Firmansyah\Documents\CODIBG\Face_Recognition\app\routes\attendance.py", line 106, in mark_attendance_api
    gray = cv2.cvtColor(rgb_image[top:bottom, left:right], cv2.COLOR_RGB2GRAY)
           ^^^^^^^^^^^^
AttributeError: 'NoneType' object has no attribute 'cvtColor'
2026-03-09 08:39:49,363 ERROR: mark_attendance_api_failed [in C:\Users\Rizki Firmansyah\Documents\CODIBG\Face_Recognition\app\routes\attendance.py:201]
Traceback (most recent call last):
  File "C:\Users\Rizki Firmansyah\Documents\CODIBG\Face_Recognition\app\routes\attendance.py", line 106, in mark_attendance_api
    gray = cv2.cvtColor(rgb_image[top:bottom, left:right], cv2.COLOR_RGB2GRAY)
           ^^^^^^^^^^^^
AttributeError: 'NoneType' object has no attribute 'cvtColor'
2026-03-09 08:41:29,745 INFO: Face Recognition Attendance System startup [in C:\Users\Rizki Firmansyah\Documents\CODIBG\Face_Recognition\app\__init__.py:42]
2026-03-09 08:42:09,374 INFO: Face Recognition Attendance System startup [in C:\Users\Rizki Firmansyah\Documents\CODIBG\Face_Recognition\app\__init__.py:42]
2026-03-09 08:42:46,281 INFO: Face cache synced: 9 encodings loaded. [in C:\Users\Rizki Firmansyah\Documents\CODIBG\Face_Recognition\app\services\face_service.py:38]
2026-03-09 08:42:47,934 ERROR: mark_attendance_api_failed [in C:\Users\Rizki Firmansyah\Documents\CODIBG\Face_Recognition\app\routes\attendance.py:201]
Traceback (most recent call last):
  File "C:\Users\Rizki Firmansyah\Documents\CODIBG\Face_Recognition\app\routes\attendance.py", line 106, in mark_attendance_api
    gray = cv2.cvtColor(rgb_image[top:bottom, left:right], cv2.COLOR_RGB2GRAY)
           ^^^^^^^^^^^^
AttributeError: 'NoneType' object has no attribute 'cvtColor'
2026-03-09 08:42:51,864 ERROR: mark_attendance_api_failed [in C:\Users\Rizki Firmansyah\Documents\CODIBG\Face_Recognition\app\routes\attendance.py:201]
Traceback (most recent call last):
  File "C:\Users\Rizki Firmansyah\Documents\CODIBG\Face_Recognition\app\routes\attendance.py", line 106, in mark_attendance_api
    gray = cv2.cvtColor(rgb_image[top:bottom, left:right], cv2.COLOR_RGB2GRAY)
           ^^^^^^^^^^^^
AttributeError: 'NoneType' object has no attribute 'cvtColor'
2026-03-09 08:42:55,862 ERROR: mark_attendance_api_failed [in C:\Users\Rizki Firmansyah\Documents\CODIBG\Face_Recognition\app\routes\attendance.py:201]
Traceback (most recent call last):
  File "C:\Users\Rizki Firmansyah\Documents\CODIBG\Face_Recognition\app\routes\attendance.py", line 106, in mark_attendance_api
    gray = cv2.cvtColor(rgb_image[top:bottom, left:right], cv2.COLOR_RGB2GRAY)
           ^^^^^^^^^^^^
AttributeError: 'NoneType' object has no attribute 'cvtColor'
2026-03-09 08:42:59,895 ERROR: mark_attendance_api_failed [in C:\Users\Rizki Firmansyah\Documents\CODIBG\Face_Recognition\app\routes\attendance.py:201]
Traceback (most recent call last):
  File "C:\Users\Rizki Firmansyah\Documents\CODIBG\Face_Recognition\app\routes\attendance.py", line 106, in mark_attendance_api
    gray = cv2.cvtColor(rgb_image[top:bottom, left:right], cv2.COLOR_RGB2GRAY)
           ^^^^^^^^^^^^
AttributeError: 'NoneType' object has no attribute 'cvtColor'
2026-03-09 08:43:03,862 ERROR: mark_attendance_api_failed [in C:\Users\Rizki Firmansyah\Documents\CODIBG\Face_Recognition\app\routes\attendance.py:201]
Traceback (most recent call last):
  File "C:\Users\Rizki Firmansyah\Documents\CODIBG\Face_Recognition\app\routes\attendance.py", line 106, in mark_attendance_api
    gray = cv2.cvtColor(rgb_image[top:bottom, left:right], cv2.COLOR_RGB2GRAY)
           ^^^^^^^^^^^^
AttributeError: 'NoneType' object has no attribute 'cvtColor'
2026-03-09 08:43:08,256 ERROR: mark_attendance_api_failed [in C:\Users\Rizki Firmansyah\Documents\CODIBG\Face_Recognition\app\routes\attendance.py:201]
Traceback (most recent call last):
  File "C:\Users\Rizki Firmansyah\Documents\CODIBG\Face_Recognition\app\routes\attendance.py", line 106, in mark_attendance_api
    gray = cv2.cvtColor(rgb_image[top:bottom, left:right], cv2.COLOR_RGB2GRAY)
           ^^^^^^^^^^^^
AttributeError: 'NoneType' object has no attribute 'cvtColor'
2026-03-09 08:43:11,861 ERROR: mark_attendance_api_failed [in C:\Users\Rizki Firmansyah\Documents\CODIBG\Face_Recognition\app\routes\attendance.py:201]
Traceback (most recent call last):
  File "C:\Users\Rizki Firmansyah\Documents\CODIBG\Face_Recognition\app\routes\attendance.py", line 106, in mark_attendance_api
    gray = cv2.cvtColor(rgb_image[top:bottom, left:right], cv2.COLOR_RGB2GRAY)
           ^^^^^^^^^^^^
AttributeError: 'NoneType' object has no attribute 'cvtColor'
2026-03-09 08:43:16,041 ERROR: mark_attendance_api_failed [in C:\Users\Rizki Firmansyah\Documents\CODIBG\Face_Recognition\app\routes\attendance.py:201]
Traceback (most recent call last):
  File "C:\Users\Rizki Firmansyah\Documents\CODIBG\Face_Recognition\app\routes\attendance.py", line 106, in mark_attendance_api
    gray = cv2.cvtColor(rgb_image[top:bottom, left:right], cv2.COLOR_RGB2GRAY)
           ^^^^^^^^^^^^
AttributeError: 'NoneType' object has no attribute 'cvtColor'
2026-03-09 08:43:20,202 ERROR: mark_attendance_api_failed [in C:\Users\Rizki Firmansyah\Documents\CODIBG\Face_Recognition\app\routes\attendance.py:201]
Traceback (most recent call last):
  File "C:\Users\Rizki Firmansyah\Documents\CODIBG\Face_Recognition\app\routes\attendance.py", line 106, in mark_attendance_api
    gray = cv2.cvtColor(rgb_image[top:bottom, left:right], cv2.COLOR_RGB2GRAY)
           ^^^^^^^^^^^^
AttributeError: 'NoneType' object has no attribute 'cvtColor'
2026-03-09 08:43:23,863 ERROR: mark_attendance_api_failed [in C:\Users\Rizki Firmansyah\Documents\CODIBG\Face_Recognition\app\routes\attendance.py:201]
Traceback (most recent call last):
  File "C:\Users\Rizki Firmansyah\Documents\CODIBG\Face_Recognition\app\routes\attendance.py", line 106, in mark_attendance_api
    gray = cv2.cvtColor(rgb_image[top:bottom, left:right], cv2.COLOR_RGB2GRAY)
           ^^^^^^^^^^^^
AttributeError: 'NoneType' object has no attribute 'cvtColor'
2026-03-09 08:43:27,899 ERROR: mark_attendance_api_failed [in C:\Users\Rizki Firmansyah\Documents\CODIBG\Face_Recognition\app\routes\attendance.py:201]
Traceback (most recent call last):
  File "C:\Users\Rizki Firmansyah\Documents\CODIBG\Face_Recognition\app\routes\attendance.py", line 106, in mark_attendance_api
    gray = cv2.cvtColor(rgb_image[top:bottom, left:right], cv2.COLOR_RGB2GRAY)
           ^^^^^^^^^^^^
AttributeError: 'NoneType' object has no attribute 'cvtColor'
2026-03-09 08:43:32,019 ERROR: mark_attendance_api_failed [in C:\Users\Rizki Firmansyah\Documents\CODIBG\Face_Recognition\app\routes\attendance.py:201]
Traceback (most recent call last):
  File "C:\Users\Rizki Firmansyah\Documents\CODIBG\Face_Recognition\app\routes\attendance.py", line 106, in mark_attendance_api
    gray = cv2.cvtColor(rgb_image[top:bottom, left:right], cv2.COLOR_RGB2GRAY)
           ^^^^^^^^^^^^
AttributeError: 'NoneType' object has no attribute 'cvtColor'
2026-03-09 08:43:36,155 ERROR: mark_attendance_api_failed [in C:\Users\Rizki Firmansyah\Documents\CODIBG\Face_Recognition\app\routes\attendance.py:201]
Traceback (most recent call last):
  File "C:\Users\Rizki Firmansyah\Documents\CODIBG\Face_Recognition\app\routes\attendance.py", line 106, in mark_attendance_api
    gray = cv2.cvtColor(rgb_image[top:bottom, left:right], cv2.COLOR_RGB2GRAY)
           ^^^^^^^^^^^^
AttributeError: 'NoneType' object has no attribute 'cvtColor'
2026-03-09 08:44:00,822 INFO: Face Recognition Attendance System startup [in C:\Users\Rizki Firmansyah\Documents\CODIBG\Face_Recognition\app\__init__.py:42]
2026-03-09 08:45:12,250 INFO: Face Recognition Attendance System startup [in C:\Users\Rizki Firmansyah\Documents\CODIBG\Face_Recognition\app\__init__.py:42]
2026-03-09 08:45:34,580 INFO: Face cache synced: 9 encodings loaded. [in C:\Users\Rizki Firmansyah\Documents\CODIBG\Face_Recognition\app\services\face_service.py:38]
2026-03-09 08:45:36,649 WARNING: OpenCV not available: skip image quality anti-spoofing checks. [in C:\Users\Rizki Firmansyah\Documents\CODIBG\Face_Recognition\app\routes\attendance.py:121]
2026-03-09 08:45:52,053 WARNING: OpenCV not available: skip image quality anti-spoofing checks. [in C:\Users\Rizki Firmansyah\Documents\CODIBG\Face_Recognition\app\routes\attendance.py:121]
2026-03-09 08:45:56,071 WARNING: OpenCV not available: skip image quality anti-spoofing checks. [in C:\Users\Rizki Firmansyah\Documents\CODIBG\Face_Recognition\app\routes\attendance.py:121]
2026-03-09 08:46:00,466 WARNING: OpenCV not available: skip image quality anti-spoofing checks. [in C:\Users\Rizki Firmansyah\Documents\CODIBG\Face_Recognition\app\routes\attendance.py:121]
2026-03-09 08:56:49,002 WARNING: OpenCV not available: skip image quality anti-spoofing checks. [in C:\Users\Rizki Firmansyah\Documents\CODIBG\Face_Recognition\app\routes\attendance.py:121]
2026-03-09 08:56:52,390 WARNING: OpenCV not available: skip image quality anti-spoofing checks. [in C:\Users\Rizki Firmansyah\Documents\CODIBG\Face_Recognition\app\routes\attendance.py:121]
2026-03-09 08:56:56,502 WARNING: OpenCV not available: skip image quality anti-spoofing checks. [in C:\Users\Rizki Firmansyah\Documents\CODIBG\Face_Recognition\app\routes\attendance.py:121]
2026-03-09 08:59:30,325 WARNING: OpenCV not available: skip image quality anti-spoofing checks. [in C:\Users\Rizki Firmansyah\Documents\CODIBG\Face_Recognition\app\routes\attendance.py:121]
2026-03-09 08:59:34,266 WARNING: OpenCV not available: skip image quality anti-spoofing checks. [in C:\Users\Rizki Firmansyah\Documents\CODIBG\Face_Recognition\app\routes\attendance.py:121]
2026-03-09 09:00:35,250 WARNING: OpenCV not available: skip image quality anti-spoofing checks. [in C:\Users\Rizki Firmansyah\Documents\CODIBG\Face_Recognition\app\routes\attendance.py:121]
2026-03-09 09:00:39,353 WARNING: OpenCV not available: skip image quality anti-spoofing checks. [in C:\Users\Rizki Firmansyah\Documents\CODIBG\Face_Recognition\app\routes\attendance.py:121]
2026-03-09 09:08:14,336 INFO: Added student: 1233444 - Budiman sujatmiko [in C:\Users\Rizki Firmansyah\Documents\CODIBG\Face_Recognition\app\routes\students.py:186]
2026-03-09 09:08:14,346 INFO: Face cache synced: 11 encodings loaded. [in C:\Users\Rizki Firmansyah\Documents\CODIBG\Face_Recognition\app\services\face_service.py:38]
2026-03-09 09:08:29,110 INFO: Face cache synced: 11 encodings loaded. [in C:\Users\Rizki Firmansyah\Documents\CODIBG\Face_Recognition\app\services\face_service.py:38]
2026-03-09 09:17:50,251 INFO: Face Recognition Attendance System startup [in C:\Users\Rizki Firmansyah\Documents\CODIBG\Face_Recognition\app\__init__.py:42]
2026-03-09 09:18:03,264 INFO: Face Recognition Attendance System startup [in C:\Users\Rizki Firmansyah\Documents\CODIBG\Face_Recognition\app\__init__.py:42]
2026-03-09 09:18:14,592 INFO: Face Recognition Attendance System startup [in C:\Users\Rizki Firmansyah\Documents\CODIBG\Face_Recognition\app\__init__.py:42]
2026-03-09 09:18:36,446 INFO: Face Recognition Attendance System startup [in C:\Users\Rizki Firmansyah\Documents\CODIBG\Face_Recognition\app\__init__.py:42]
2026-03-09 09:18:56,238 INFO: Login successful for admin [in C:\Users\Rizki Firmansyah\Documents\CODIBG\Face_Recognition\app\routes\auth.py:67]
2026-03-09 09:21:13,743 INFO: Face Recognition Attendance System startup [in C:\Users\Rizki Firmansyah\Documents\CODIBG\Face_Recognition\app\__init__.py:42]
2026-03-09 09:21:31,331 INFO: Face Recognition Attendance System startup [in C:\Users\Rizki Firmansyah\Documents\CODIBG\Face_Recognition\app\__init__.py:42]
2026-03-09 09:21:41,249 INFO: Face Recognition Attendance System startup [in C:\Users\Rizki Firmansyah\Documents\CODIBG\Face_Recognition\app\__init__.py:42]
2026-03-09 09:22:27,402 INFO: Face Recognition Attendance System startup [in C:\Users\Rizki Firmansyah\Documents\CODIBG\Face_Recognition\app\__init__.py:42]
2026-03-09 09:22:33,961 INFO: Face Recognition Attendance System startup [in C:\Users\Rizki Firmansyah\Documents\CODIBG\Face_Recognition\app\__init__.py:42]
2026-03-09 09:22:38,540 INFO: Face Recognition Attendance System startup [in C:\Users\Rizki Firmansyah\Documents\CODIBG\Face_Recognition\app\__init__.py:42]
2026-03-09 10:24:53,759 INFO: Face Recognition Attendance System startup [in C:\Users\Rizki Firmansyah\Documents\CODIBG\Face_Recognition\app\__init__.py:42]
2026-03-09 10:24:54,580 INFO: Face Recognition Attendance System startup [in C:\Users\Rizki Firmansyah\Documents\CODIBG\Face_Recognition\app\__init__.py:42]
2026-03-09 10:24:58,622 INFO: Face Recognition Attendance System startup [in C:\Users\Rizki Firmansyah\Documents\CODIBG\Face_Recognition\app\__init__.py:42]
2026-03-09 13:58:20,956 INFO: Face Recognition Attendance System startup [in C:\Users\Rizki Firmansyah\Documents\CODIBG\Face_Recognition\app\__init__.py:42]
2026-03-09 13:58:26,193 INFO: Face Recognition Attendance System startup [in C:\Users\Rizki Firmansyah\Documents\CODIBG\Face_Recognition\app\__init__.py:42]
2026-03-09 13:59:05,778 INFO: Login successful for admin [in C:\Users\Rizki Firmansyah\Documents\CODIBG\Face_Recognition\app\routes\auth.py:67]
2026-03-09 14:02:46,035 INFO: Added student: 132422425 - Yulia Lestari [in C:\Users\Rizki Firmansyah\Documents\CODIBG\Face_Recognition\app\routes\students.py:186]
2026-03-09 14:02:46,071 INFO: Face cache synced: 14 encodings loaded. [in C:\Users\Rizki Firmansyah\Documents\CODIBG\Face_Recognition\app\services\face_service.py:38]
2026-03-09 14:03:08,077 WARNING: OpenCV not available: skip image quality anti-spoofing checks. [in C:\Users\Rizki Firmansyah\Documents\CODIBG\Face_Recognition\app\routes\attendance.py:121]
2026-03-09 14:03:11,816 WARNING: OpenCV not available: skip image quality anti-spoofing checks. [in C:\Users\Rizki Firmansyah\Documents\CODIBG\Face_Recognition\app\routes\attendance.py:121]
2026-03-09 14:03:16,027 WARNING: OpenCV not available: skip image quality anti-spoofing checks. [in C:\Users\Rizki Firmansyah\Documents\CODIBG\Face_Recognition\app\routes\attendance.py:121]
2026-03-09 14:03:35,076 WARNING: OpenCV not available: skip image quality anti-spoofing checks. [in C:\Users\Rizki Firmansyah\Documents\CODIBG\Face_Recognition\app\routes\attendance.py:121]
2026-03-09 14:03:38,960 WARNING: OpenCV not available: skip image quality anti-spoofing checks. [in C:\Users\Rizki Firmansyah\Documents\CODIBG\Face_Recognition\app\routes\attendance.py:121]
2026-03-09 14:08:11,333 WARNING: OpenCV not available: skip image quality anti-spoofing checks. [in C:\Users\Rizki Firmansyah\Documents\CODIBG\Face_Recognition\app\routes\attendance.py:121]
2026-03-09 14:08:14,985 WARNING: OpenCV not available: skip image quality anti-spoofing checks. [in C:\Users\Rizki Firmansyah\Documents\CODIBG\Face_Recognition\app\routes\attendance.py:121]
2026-03-09 14:08:18,655 WARNING: OpenCV not available: skip image quality anti-spoofing checks. [in C:\Users\Rizki Firmansyah\Documents\CODIBG\Face_Recognition\app\routes\attendance.py:121]
2026-03-09 14:09:40,279 INFO: Face Recognition Attendance System startup [in C:\Users\Rizki Firmansyah\Documents\CODIBG\Face_Recognition\app\__init__.py:42]
2026-03-09 14:09:45,889 INFO: Face Recognition Attendance System startup [in C:\Users\Rizki Firmansyah\Documents\CODIBG\Face_Recognition\app\__init__.py:42]
2026-03-09 16:17:23,997 INFO: Face Recognition Attendance System startup [in C:\Users\Rizki Firmansyah\Documents\CODIBG\Face_Recognition\app\__init__.py:42]
2026-03-09 16:17:31,487 INFO: Face Recognition Attendance System startup [in C:\Users\Rizki Firmansyah\Documents\CODIBG\Face_Recognition\app\__init__.py:42]
2026-03-09 16:18:11,309 INFO: Login successful for admin [in C:\Users\Rizki Firmansyah\Documents\CODIBG\Face_Recognition\app\routes\auth.py:67]
2026-03-09 16:22:33,638 INFO: Added student: 14251346 - Egiiii [in C:\Users\Rizki Firmansyah\Documents\CODIBG\Face_Recognition\app\routes\students.py:186]
2026-03-09 16:22:33,657 INFO: Face cache synced: 18 encodings loaded. [in C:\Users\Rizki Firmansyah\Documents\CODIBG\Face_Recognition\app\services\face_service.py:38]
2026-03-09 16:23:20,756 WARNING: OpenCV not available: skip image quality anti-spoofing checks. [in C:\Users\Rizki Firmansyah\Documents\CODIBG\Face_Recognition\app\routes\attendance.py:121]
2026-03-09 16:23:28,907 WARNING: OpenCV not available: skip image quality anti-spoofing checks. [in C:\Users\Rizki Firmansyah\Documents\CODIBG\Face_Recognition\app\routes\attendance.py:121]
2026-03-09 16:50:50,540 INFO: Face Recognition Attendance System startup [in C:\Users\Rizki Firmansyah\Documents\CODIBG\Face_Recognition\app\__init__.py:42]
2026-03-09 16:51:04,036 INFO: Face Recognition Attendance System startup for SMA N 1 KAYANGAN [in C:\Users\Rizki Firmansyah\Documents\CODIBG\Face_Recognition\app\__init__.py:42]
2026-03-09 16:51:37,846 INFO: Face Recognition Attendance System startup for SMA N 1 KAYANGAN [in C:\Users\Rizki Firmansyah\Documents\CODIBG\Face_Recognition\app\__init__.py:42]
2026-03-09 16:56:00,902 INFO: Face Recognition Attendance System startup for SMA N 1 KAYANGAN [in C:\Users\Rizki Firmansyah\Documents\CODIBG\Face_Recognition\app\__init__.py:42]
2026-03-09 16:56:20,482 INFO: Face Recognition Attendance System startup for SMA N 1 KAYANGAN [in C:\Users\Rizki Firmansyah\Documents\CODIBG\Face_Recognition\app\__init__.py:42]
2026-03-09 17:02:24,029 INFO: Face cache synced: 18 encodings loaded. [in C:\Users\Rizki Firmansyah\Documents\CODIBG\Face_Recognition\app\services\face_service.py:38]
2026-03-09 17:05:08,124 INFO: Face cache synced: 18 encodings loaded. [in C:\Users\Rizki Firmansyah\Documents\CODIBG\Face_Recognition\app\services\face_service.py:38]
2026-03-09 17:08:44,836 INFO: Face Recognition Attendance System startup for SMA N 1 KAYANGAN [in C:\Users\Rizki Firmansyah\Documents\CODIBG\Face_Recognition\app\__init__.py:42]
2026-03-09 17:09:31,768 INFO: Face Recognition Attendance System startup for SMA N 1 KAYANGAN [in C:\Users\Rizki Firmansyah\Documents\CODIBG\Face_Recognition\app\__init__.py:42]
2026-03-09 17:23:49,067 INFO: Face Recognition Attendance System startup for SMA N 1 KAYANGAN [in C:\Users\Rizki Firmansyah\Documents\CODIBG\Face_Recognition\app\__init__.py:42]
2026-03-09 17:23:58,303 INFO: Face Recognition Attendance System startup for SMA N 1 KAYANGAN [in C:\Users\Rizki Firmansyah\Documents\CODIBG\Face_Recognition\app\__init__.py:42]
2026-03-09 17:24:08,073 INFO: Face Recognition Attendance System startup for SMA N 1 KAYANGAN [in C:\Users\Rizki Firmansyah\Documents\CODIBG\Face_Recognition\app\__init__.py:42]
2026-03-09 17:24:35,631 INFO: Face Recognition Attendance System startup for SMA N 1 KAYANGAN [in C:\Users\Rizki Firmansyah\Documents\CODIBG\Face_Recognition\app\__init__.py:42]
2026-03-09 17:25:44,019 INFO: Face Recognition Attendance System startup for SMA N 1 KAYANGAN [in C:\Users\Rizki Firmansyah\Documents\CODIBG\Face_Recognition\app\__init__.py:42]
2026-03-09 17:26:02,281 INFO: Face Recognition Attendance System startup for SMA N 1 KAYANGAN [in C:\Users\Rizki Firmansyah\Documents\CODIBG\Face_Recognition\app\__init__.py:42]
2026-03-09 17:27:30,328 INFO: Face Recognition Attendance System startup for SMA N 1 KAYANGAN [in C:\Users\Rizki Firmansyah\Documents\CODIBG\Face_Recognition\app\__init__.py:42]
2026-03-09 17:27:46,634 INFO: Face Recognition Attendance System startup for SMA N 1 KAYANGAN [in C:\Users\Rizki Firmansyah\Documents\CODIBG\Face_Recognition\app\__init__.py:42]
2026-03-09 17:28:23,744 INFO: Face Recognition Attendance System startup for SMA N 1 KAYANGAN [in C:\Users\Rizki Firmansyah\Documents\CODIBG\Face_Recognition\app\__init__.py:42]
2026-03-09 17:28:44,850 INFO: Face Recognition Attendance System startup for SMA N 1 KAYANGAN [in C:\Users\Rizki Firmansyah\Documents\CODIBG\Face_Recognition\app\__init__.py:42]
2026-03-09 17:29:57,901 INFO: Face Recognition Attendance System startup for SMA N 1 KAYANGAN [in C:\Users\Rizki Firmansyah\Documents\CODIBG\Face_Recognition\app\__init__.py:42]
2026-03-09 17:30:10,312 INFO: Face Recognition Attendance System startup for SMA N 1 KAYANGAN [in C:\Users\Rizki Firmansyah\Documents\CODIBG\Face_Recognition\app\__init__.py:42]
2026-03-09 17:50:05,702 INFO: Face Recognition Attendance System startup for SMA N 1 KAYANGAN [in C:\Users\Rizki Firmansyah\Documents\CODIBG\Face_Recognition\app\__init__.py:42]
2026-03-09 17:50:12,733 INFO: Face Recognition Attendance System startup for SMA N 1 KAYANGAN [in C:\Users\Rizki Firmansyah\Documents\CODIBG\Face_Recognition\app\__init__.py:42]
2026-03-09 17:52:29,858 INFO: Face Recognition Attendance System startup for SMA N 1 KAYANGAN [in C:\Users\Rizki Firmansyah\Documents\CODIBG\Face_Recognition\app\__init__.py:42]
2026-03-09 17:52:32,989 INFO: Face Recognition Attendance System startup for SMA N 1 KAYANGAN [in C:\Users\Rizki Firmansyah\Documents\CODIBG\Face_Recognition\app\__init__.py:42]
2026-03-09 17:52:45,728 INFO: Face Recognition Attendance System startup for SMA N 1 KAYANGAN [in C:\Users\Rizki Firmansyah\Documents\CODIBG\Face_Recognition\app\__init__.py:42]
2026-03-15 15:59:41,385 INFO: Face Recognition Attendance System startup for SMA N 1 KAYANGAN [in C:\Users\Rizki Firmansyah\Documents\CODIBG\Face_Recognition\app\__init__.py:42]
2026-03-15 16:01:33,189 INFO: Face Recognition Attendance System startup for SMA N 1 KAYANGAN [in C:\Users\Rizki Firmansyah\Documents\CODIBG\Face_Recognition\app\__init__.py:42]
2026-03-15 16:01:40,690 INFO: Face Recognition Attendance System startup for SMA N 1 KAYANGAN [in C:\Users\Rizki Firmansyah\Documents\CODIBG\Face_Recognition\app\__init__.py:42]
2026-03-15 16:02:12,261 INFO: Login successful for admin [in C:\Users\Rizki Firmansyah\Documents\CODIBG\Face_Recognition\app\routes\auth.py:67]
2026-03-15 19:04:32,798 INFO: Face Recognition Attendance System startup for SMA N 1 KAYANGAN [in C:\Users\Rizki Firmansyah\Documents\CODIBG\Face_Recognition\app\__init__.py:42]
2026-03-15 19:04:37,925 INFO: Face Recognition Attendance System startup for SMA N 1 KAYANGAN [in C:\Users\Rizki Firmansyah\Documents\CODIBG\Face_Recognition\app\__init__.py:42]
2026-03-15 19:06:23,719 INFO: Face Recognition Attendance System startup for SMA N 1 KAYANGAN [in C:\Users\Rizki Firmansyah\Documents\CODIBG\Face_Recognition\app\__init__.py:42]
2026-03-15 19:06:29,337 INFO: Face Recognition Attendance System startup for SMA N 1 KAYANGAN [in C:\Users\Rizki Firmansyah\Documents\CODIBG\Face_Recognition\app\__init__.py:42]
2026-03-15 20:10:20,227 INFO: Login successful for admin [in C:\Users\Rizki Firmansyah\Documents\CODIBG\Face_Recognition\app\routes\auth.py:67]
2026-03-16 09:11:58,582 INFO: Face Recognition Attendance System startup for SMA N 1 KAYANGAN [in C:\Users\Rizki Firmansyah\Documents\CODIBG\Face_Recognition\app\__init__.py:42]
2026-03-16 09:12:04,009 INFO: Face Recognition Attendance System startup for SMA N 1 KAYANGAN [in C:\Users\Rizki Firmansyah\Documents\CODIBG\Face_Recognition\app\__init__.py:42]
2026-03-16 09:12:33,855 INFO: Face Recognition Attendance System startup for SMA N 1 KAYANGAN [in C:\Users\Rizki Firmansyah\Documents\CODIBG\Face_Recognition\app\__init__.py:42]
2026-03-16 09:12:38,442 INFO: Face Recognition Attendance System startup for SMA N 1 KAYANGAN [in C:\Users\Rizki Firmansyah\Documents\CODIBG\Face_Recognition\app\__init__.py:42]
2026-03-16 09:14:08,706 INFO: Face Recognition Attendance System startup for SMA N 1 KAYANGAN [in C:\Users\Rizki Firmansyah\Documents\CODIBG\Face_Recognition\app\__init__.py:42]
2026-03-16 09:14:13,293 INFO: Face Recognition Attendance System startup for SMA N 1 KAYANGAN [in C:\Users\Rizki Firmansyah\Documents\CODIBG\Face_Recognition\app\__init__.py:42]
2026-03-16 09:15:01,498 INFO: Login successful for admin [in C:\Users\Rizki Firmansyah\Documents\CODIBG\Face_Recognition\app\routes\auth.py:67]
2026-03-16 09:15:20,111 INFO: Face cache synced: 18 encodings loaded. [in C:\Users\Rizki Firmansyah\Documents\CODIBG\Face_Recognition\app\services\face_service.py:38]
2026-04-02 04:20:32,747 INFO: Face Recognition Attendance System startup for SMA N 1 KAYANGAN [in C:\Users\Rizki Firmansyah\Documents\CODIBG\Face_Recognition\app\__init__.py:42]
2026-04-02 04:20:39,614 INFO: Face Recognition Attendance System startup for SMA N 1 KAYANGAN [in C:\Users\Rizki Firmansyah\Documents\CODIBG\Face_Recognition\app\__init__.py:42]
2026-04-02 04:21:06,045 INFO: Login successful for admin [in C:\Users\Rizki Firmansyah\Documents\CODIBG\Face_Recognition\app\routes\auth.py:67]
2026-04-02 04:22:11,793 INFO: Face cache synced: 18 encodings loaded. [in C:\Users\Rizki Firmansyah\Documents\CODIBG\Face_Recognition\app\services\face_service.py:38]
2026-04-02 12:10:00,411 INFO: Face Recognition Attendance System startup for SMA N 1 KAYANGAN [in C:\Users\Rizki Firmansyah\Documents\CODIBG\Face_Recognition\app\__init__.py:42]
2026-04-02 12:10:11,078 INFO: Face Recognition Attendance System startup for SMA N 1 KAYANGAN [in C:\Users\Rizki Firmansyah\Documents\CODIBG\Face_Recognition\app\__init__.py:42]
2026-04-02 12:11:09,852 INFO: Face cache synced: 18 encodings loaded. [in C:\Users\Rizki Firmansyah\Documents\CODIBG\Face_Recognition\app\services\face_service.py:38]
2026-04-02 12:11:13,900 WARNING: OpenCV not available: skip image quality anti-spoofing checks. [in C:\Users\Rizki Firmansyah\Documents\CODIBG\Face_Recognition\app\routes\attendance.py:121]
2026-04-02 12:11:16,639 WARNING: OpenCV not available: skip image quality anti-spoofing checks. [in C:\Users\Rizki Firmansyah\Documents\CODIBG\Face_Recognition\app\routes\attendance.py:121]
2026-04-02 12:11:21,608 WARNING: OpenCV not available: skip image quality anti-spoofing checks. [in C:\Users\Rizki Firmansyah\Documents\CODIBG\Face_Recognition\app\routes\attendance.py:121]
2026-04-02 12:11:24,684 WARNING: OpenCV not available: skip image quality anti-spoofing checks. [in C:\Users\Rizki Firmansyah\Documents\CODIBG\Face_Recognition\app\routes\attendance.py:121]
2026-04-02 12:11:28,437 INFO: Login successful for admin [in C:\Users\Rizki Firmansyah\Documents\CODIBG\Face_Recognition\app\routes\auth.py:67]
2026-04-02 12:26:48,377 WARNING: OpenCV not available: skip image quality anti-spoofing checks. [in C:\Users\Rizki Firmansyah\Documents\CODIBG\Face_Recognition\app\routes\attendance.py:121]
2026-04-02 12:32:34,524 INFO: Face Recognition Attendance System startup for SMA N 1 KAYANGAN [in C:\Users\Rizki Firmansyah\Documents\CODIBG\Face_Recognition\app\__init__.py:42]
2026-04-02 12:32:39,193 INFO: Face Recognition Attendance System startup for SMA N 1 KAYANGAN [in C:\Users\Rizki Firmansyah\Documents\CODIBG\Face_Recognition\app\__init__.py:42]
2026-04-02 12:34:31,475 INFO: Face cache synced: 18 encodings loaded. [in C:\Users\Rizki Firmansyah\Documents\CODIBG\Face_Recognition\app\services\face_service.py:38]
2026-04-02 12:34:33,132 WARNING: OpenCV not available: skip image quality anti-spoofing checks. [in C:\Users\Rizki Firmansyah\Documents\CODIBG\Face_Recognition\app\routes\attendance.py:121]
2026-04-02 12:34:45,492 WARNING: OpenCV not available: skip image quality anti-spoofing checks. [in C:\Users\Rizki Firmansyah\Documents\CODIBG\Face_Recognition\app\routes\attendance.py:121]
2026-04-02 12:35:03,637 WARNING: OpenCV not available: skip image quality anti-spoofing checks. [in C:\Users\Rizki Firmansyah\Documents\CODIBG\Face_Recognition\app\routes\attendance.py:121]
2026-04-02 12:35:07,720 WARNING: OpenCV not available: skip image quality anti-spoofing checks. [in C:\Users\Rizki Firmansyah\Documents\CODIBG\Face_Recognition\app\routes\attendance.py:121]
2026-04-14 03:34:02,162 [INFO] app: ============================================================ [in c:\Users\Rizki Firmansyah\Documents\CODIBG\Face_Recognition\app\__init__.py:87]
2026-04-14 03:34:02,164 [INFO] app: Face Recognition Attendance System [in c:\Users\Rizki Firmansyah\Documents\CODIBG\Face_Recognition\app\__init__.py:88]
2026-04-14 03:34:02,166 [INFO] app: Institution: SMA N 1 KAYANGAN [in c:\Users\Rizki Firmansyah\Documents\CODIBG\Face_Recognition\app\__init__.py:89]
2026-04-14 03:34:02,166 [INFO] app: Environment: Production [in c:\Users\Rizki Firmansyah\Documents\CODIBG\Face_Recognition\app\__init__.py:90]
2026-04-14 03:34:02,166 [INFO] app: Database: sqlite:///c:\Users\Rizki Firmansyah\Documents\CODIBG\Face_Recognition\data\attendance.db [in c:\Users\Rizki Firmansyah\Documents\CODIBG\Face_Recognition\app\__init__.py:91]
2026-04-14 03:34:02,168 [INFO] app: Log Level: INFO [in c:\Users\Rizki Firmansyah\Documents\CODIBG\Face_Recognition\app\__init__.py:92]
2026-04-14 03:34:02,168 [INFO] app: ============================================================ [in c:\Users\Rizki Firmansyah\Documents\CODIBG\Face_Recognition\app\__init__.py:93]
2026-04-14 03:34:02,168 [INFO] app: Performing automatic database backup... [in c:\Users\Rizki Firmansyah\Documents\CODIBG\Face_Recognition\app\__init__.py:115]
2026-04-14 03:34:02,173 [INFO] app.services.database: Database backup created: data\backups\attendance_backup_20260414_033402.db (0.08 MB) [in c:\Users\Rizki Firmansyah\Documents\CODIBG\Face_Recognition\app\services\database.py:37]
2026-04-14 03:34:02,175 [INFO] app: Automatic database backup completed [in c:\Users\Rizki Firmansyah\Documents\CODIBG\Face_Recognition\app\__init__.py:117]
2026-04-14 03:34:32,969 [INFO] app: ============================================================ [in c:\Users\Rizki Firmansyah\Documents\CODIBG\Face_Recognition\app\__init__.py:87]
2026-04-14 03:34:32,969 [INFO] app: Face Recognition Attendance System [in c:\Users\Rizki Firmansyah\Documents\CODIBG\Face_Recognition\app\__init__.py:88]
2026-04-14 03:34:32,969 [INFO] app: Institution: SMA N 1 KAYANGAN [in c:\Users\Rizki Firmansyah\Documents\CODIBG\Face_Recognition\app\__init__.py:89]
2026-04-14 03:34:32,969 [INFO] app: Environment: Production [in c:\Users\Rizki Firmansyah\Documents\CODIBG\Face_Recognition\app\__init__.py:90]
2026-04-14 03:34:32,969 [INFO] app: Database: sqlite:///c:\Users\Rizki Firmansyah\Documents\CODIBG\Face_Recognition\data\attendance.db [in c:\Users\Rizki Firmansyah\Documents\CODIBG\Face_Recognition\app\__init__.py:91]
2026-04-14 03:34:32,969 [INFO] app: Log Level: INFO [in c:\Users\Rizki Firmansyah\Documents\CODIBG\Face_Recognition\app\__init__.py:92]
2026-04-14 03:34:32,969 [INFO] app: ============================================================ [in c:\Users\Rizki Firmansyah\Documents\CODIBG\Face_Recognition\app\__init__.py:93]
2026-04-14 03:34:32,969 [INFO] app: Performing automatic database backup... [in c:\Users\Rizki Firmansyah\Documents\CODIBG\Face_Recognition\app\__init__.py:115]
2026-04-14 03:34:32,978 [INFO] app.services.database: Database backup created: data\backups\attendance_backup_20260414_033432.db (0.08 MB) [in c:\Users\Rizki Firmansyah\Documents\CODIBG\Face_Recognition\app\services\database.py:37]
2026-04-14 03:34:32,979 [INFO] app: Automatic database backup completed [in c:\Users\Rizki Firmansyah\Documents\CODIBG\Face_Recognition\app\__init__.py:117]
2026-04-14 03:40:12,986 [INFO] app: ============================================================ [in c:\Users\Rizki Firmansyah\Documents\CODIBG\Face_Recognition\app\__init__.py:88]
2026-04-14 03:40:12,986 [INFO] app: Face Recognition Attendance System [in c:\Users\Rizki Firmansyah\Documents\CODIBG\Face_Recognition\app\__init__.py:89]
2026-04-14 03:40:12,986 [INFO] app: Institution: SMA N 1 KAYANGAN [in c:\Users\Rizki Firmansyah\Documents\CODIBG\Face_Recognition\app\__init__.py:90]
2026-04-14 03:40:12,990 [INFO] app: Environment: Production [in c:\Users\Rizki Firmansyah\Documents\CODIBG\Face_Recognition\app\__init__.py:91]
2026-04-14 03:40:12,990 [INFO] app: Database: sqlite:///c:\Users\Rizki Firmansyah\Documents\CODIBG\Face_Recognition\data\attendance.db [in c:\Users\Rizki Firmansyah\Documents\CODIBG\Face_Recognition\app\__init__.py:92]
2026-04-14 03:40:12,992 [INFO] app: Log Level: INFO [in c:\Users\Rizki Firmansyah\Documents\CODIBG\Face_Recognition\app\__init__.py:93]
2026-04-14 03:40:12,992 [INFO] app: ============================================================ [in c:\Users\Rizki Firmansyah\Documents\CODIBG\Face_Recognition\app\__init__.py:94]
2026-04-14 03:40:12,992 [INFO] app: Performing automatic database backup... [in c:\Users\Rizki Firmansyah\Documents\CODIBG\Face_Recognition\app\__init__.py:116]
2026-04-14 03:40:12,996 [INFO] app.services.database: Database backup created: data\backups\attendance_backup_20260414_034012.db (0.08 MB) [in c:\Users\Rizki Firmansyah\Documents\CODIBG\Face_Recognition\app\services\database.py:37]
2026-04-14 03:40:12,996 [INFO] app: Automatic database backup completed [in c:\Users\Rizki Firmansyah\Documents\CODIBG\Face_Recognition\app\__init__.py:118]
2026-04-14 16:35:27,652 [INFO] app: ============================================================ [in C:\Users\Rizki Firmansyah\Documents\CODIBG\Face_Recognition\app\__init__.py:88]
2026-04-14 16:35:27,657 [INFO] app: Face Recognition Attendance System [in C:\Users\Rizki Firmansyah\Documents\CODIBG\Face_Recognition\app\__init__.py:89]
2026-04-14 16:35:27,662 [INFO] app: Institution: SMA N 1 KAYANGAN [in C:\Users\Rizki Firmansyah\Documents\CODIBG\Face_Recognition\app\__init__.py:90]
2026-04-14 16:35:27,664 [INFO] app: Environment: Production [in C:\Users\Rizki Firmansyah\Documents\CODIBG\Face_Recognition\app\__init__.py:91]
2026-04-14 16:35:27,665 [INFO] app: Database: sqlite:///C:\Users\Rizki Firmansyah\Documents\CODIBG\Face_Recognition\data\attendance.db [in C:\Users\Rizki Firmansyah\Documents\CODIBG\Face_Recognition\app\__init__.py:92]
2026-04-14 16:35:27,667 [INFO] app: Log Level: INFO [in C:\Users\Rizki Firmansyah\Documents\CODIBG\Face_Recognition\app\__init__.py:93]
2026-04-14 16:35:27,670 [INFO] app: ============================================================ [in C:\Users\Rizki Firmansyah\Documents\CODIBG\Face_Recognition\app\__init__.py:94]
2026-04-14 16:35:27,670 [INFO] app: Performing automatic database backup... [in C:\Users\Rizki Firmansyah\Documents\CODIBG\Face_Recognition\app\__init__.py:116]
2026-04-14 16:35:27,675 [INFO] app.services.database: Database backup created: data\backups\attendance_backup_20260414_163527.db (0.08 MB) [in C:\Users\Rizki Firmansyah\Documents\CODIBG\Face_Recognition\app\services\database.py:37]
2026-04-14 16:35:27,681 [INFO] app: Automatic database backup completed [in C:\Users\Rizki Firmansyah\Documents\CODIBG\Face_Recognition\app\__init__.py:118]
2026-04-14 16:35:35,724 [INFO] app: ============================================================ [in C:\Users\Rizki Firmansyah\Documents\CODIBG\Face_Recognition\app\__init__.py:88]
2026-04-14 16:35:35,726 [INFO] app: Face Recognition Attendance System [in C:\Users\Rizki Firmansyah\Documents\CODIBG\Face_Recognition\app\__init__.py:89]
2026-04-14 16:35:35,726 [INFO] app: Institution: SMA N 1 KAYANGAN [in C:\Users\Rizki Firmansyah\Documents\CODIBG\Face_Recognition\app\__init__.py:90]
2026-04-14 16:35:35,730 [INFO] app: Environment: Production [in C:\Users\Rizki Firmansyah\Documents\CODIBG\Face_Recognition\app\__init__.py:91]
2026-04-14 16:35:35,734 [INFO] app: Database: sqlite:///C:\Users\Rizki Firmansyah\Documents\CODIBG\Face_Recognition\data\attendance.db [in C:\Users\Rizki Firmansyah\Documents\CODIBG\Face_Recognition\app\__init__.py:92]
2026-04-14 16:35:35,734 [INFO] app: Log Level: INFO [in C:\Users\Rizki Firmansyah\Documents\CODIBG\Face_Recognition\app\__init__.py:93]
2026-04-14 16:35:35,739 [INFO] app: ============================================================ [in C:\Users\Rizki Firmansyah\Documents\CODIBG\Face_Recognition\app\__init__.py:94]
2026-04-14 16:35:35,739 [INFO] app: Performing automatic database backup... [in C:\Users\Rizki Firmansyah\Documents\CODIBG\Face_Recognition\app\__init__.py:116]
2026-04-14 16:35:35,745 [INFO] app.services.database: Database backup created: data\backups\attendance_backup_20260414_163535.db (0.08 MB) [in C:\Users\Rizki Firmansyah\Documents\CODIBG\Face_Recognition\app\services\database.py:37]
2026-04-14 16:35:35,752 [INFO] app: Automatic database backup completed [in C:\Users\Rizki Firmansyah\Documents\CODIBG\Face_Recognition\app\__init__.py:118]
2026-04-14 16:39:00,823 [INFO] app: ============================================================ [in C:\Users\Rizki Firmansyah\Documents\CODIBG\Face_Recognition\app\__init__.py:88]
2026-04-14 16:39:00,828 [INFO] app: Face Recognition Attendance System [in C:\Users\Rizki Firmansyah\Documents\CODIBG\Face_Recognition\app\__init__.py:89]
2026-04-14 16:39:00,835 [INFO] app: Institution: SMA N 1 KAYANGAN [in C:\Users\Rizki Firmansyah\Documents\CODIBG\Face_Recognition\app\__init__.py:90]
2026-04-14 16:39:00,837 [INFO] app: Environment: Production [in C:\Users\Rizki Firmansyah\Documents\CODIBG\Face_Recognition\app\__init__.py:91]
2026-04-14 16:39:00,840 [INFO] app: Database: sqlite:///C:\Users\Rizki Firmansyah\Documents\CODIBG\Face_Recognition\data\attendance.db [in C:\Users\Rizki Firmansyah\Documents\CODIBG\Face_Recognition\app\__init__.py:92]
2026-04-14 16:39:00,842 [INFO] app: Log Level: INFO [in C:\Users\Rizki Firmansyah\Documents\CODIBG\Face_Recognition\app\__init__.py:93]
2026-04-14 16:39:00,845 [INFO] app: ============================================================ [in C:\Users\Rizki Firmansyah\Documents\CODIBG\Face_Recognition\app\__init__.py:94]
2026-04-14 16:39:00,849 [INFO] app: Performing automatic database backup... [in C:\Users\Rizki Firmansyah\Documents\CODIBG\Face_Recognition\app\__init__.py:116]
2026-04-14 16:39:00,853 [INFO] app.services.database: Database backup created: data\backups\attendance_backup_20260414_163900.db (0.08 MB) [in C:\Users\Rizki Firmansyah\Documents\CODIBG\Face_Recognition\app\services\database.py:37]
2026-04-14 16:39:00,855 [INFO] app: Automatic database backup completed [in C:\Users\Rizki Firmansyah\Documents\CODIBG\Face_Recognition\app\__init__.py:118]
2026-04-14 16:39:09,301 [INFO] app: ============================================================ [in C:\Users\Rizki Firmansyah\Documents\CODIBG\Face_Recognition\app\__init__.py:88]
2026-04-14 16:39:09,301 [INFO] app: Face Recognition Attendance System [in C:\Users\Rizki Firmansyah\Documents\CODIBG\Face_Recognition\app\__init__.py:89]
2026-04-14 16:39:09,303 [INFO] app: Institution: SMA N 1 KAYANGAN [in C:\Users\Rizki Firmansyah\Documents\CODIBG\Face_Recognition\app\__init__.py:90]
2026-04-14 16:39:09,305 [INFO] app: Environment: Production [in C:\Users\Rizki Firmansyah\Documents\CODIBG\Face_Recognition\app\__init__.py:91]
2026-04-14 16:39:09,305 [INFO] app: Database: sqlite:///C:\Users\Rizki Firmansyah\Documents\CODIBG\Face_Recognition\data\attendance.db [in C:\Users\Rizki Firmansyah\Documents\CODIBG\Face_Recognition\app\__init__.py:92]
2026-04-14 16:39:09,308 [INFO] app: Log Level: INFO [in C:\Users\Rizki Firmansyah\Documents\CODIBG\Face_Recognition\app\__init__.py:93]
2026-04-14 16:39:09,310 [INFO] app: ============================================================ [in C:\Users\Rizki Firmansyah\Documents\CODIBG\Face_Recognition\app\__init__.py:94]
2026-04-14 16:39:09,311 [INFO] app: Performing automatic database backup... [in C:\Users\Rizki Firmansyah\Documents\CODIBG\Face_Recognition\app\__init__.py:116]
2026-04-14 16:39:09,319 [INFO] app.services.database: Database backup created: data\backups\attendance_backup_20260414_163909.db (0.08 MB) [in C:\Users\Rizki Firmansyah\Documents\CODIBG\Face_Recognition\app\services\database.py:37]
2026-04-14 16:39:09,320 [INFO] app: Automatic database backup completed [in C:\Users\Rizki Firmansyah\Documents\CODIBG\Face_Recognition\app\__init__.py:118]
2026-04-14 16:39:39,173 [INFO] app: Face cache synced: 18 encodings, 5 students loaded. TTL: 300s [in C:\Users\Rizki Firmansyah\Documents\CODIBG\Face_Recognition\app\services\face_service.py:60]
2026-04-14 16:39:58,428 [INFO] app: Login successful for admin [in C:\Users\Rizki Firmansyah\Documents\CODIBG\Face_Recognition\app\routes\auth.py:69]
2026-04-14 16:52:49,411 [INFO] app: Face cache expired, refreshing... [in C:\Users\Rizki Firmansyah\Documents\CODIBG\Face_Recognition\app\services\face_service.py:69]
2026-04-14 16:52:49,427 [INFO] app: Face cache synced: 18 encodings, 5 students loaded. TTL: 300s [in C:\Users\Rizki Firmansyah\Documents\CODIBG\Face_Recognition\app\services\face_service.py:60]
2026-05-30 20:58:39,479 [INFO] app: ============================================================ [in C:\Users\Rizki Firmansyah\Documents\CODIBG\Face_Recognition\app\__init__.py:88]
2026-05-30 20:58:39,481 [INFO] app: Face Recognition Attendance System [in C:\Users\Rizki Firmansyah\Documents\CODIBG\Face_Recognition\app\__init__.py:89]
2026-05-30 20:58:39,482 [INFO] app: Institution: SMA N 1 KAYANGAN [in C:\Users\Rizki Firmansyah\Documents\CODIBG\Face_Recognition\app\__init__.py:90]
2026-05-30 20:58:39,483 [INFO] app: Environment: Production [in C:\Users\Rizki Firmansyah\Documents\CODIBG\Face_Recognition\app\__init__.py:91]
2026-05-30 20:58:39,484 [INFO] app: Database: sqlite:///C:\Users\Rizki Firmansyah\Documents\CODIBG\Face_Recognition\data\attendance.db [in C:\Users\Rizki Firmansyah\Documents\CODIBG\Face_Recognition\app\__init__.py:92]
2026-05-30 20:58:39,485 [INFO] app: Log Level: INFO [in C:\Users\Rizki Firmansyah\Documents\CODIBG\Face_Recognition\app\__init__.py:93]
2026-05-30 20:58:39,485 [INFO] app: ============================================================ [in C:\Users\Rizki Firmansyah\Documents\CODIBG\Face_Recognition\app\__init__.py:94]
2026-05-30 20:58:39,486 [INFO] app: Performing automatic database backup... [in C:\Users\Rizki Firmansyah\Documents\CODIBG\Face_Recognition\app\__init__.py:116]
2026-05-30 20:58:39,491 [INFO] app.services.database: Database backup created: data\backups\attendance_backup_20260530_205839.db (0.08 MB) [in C:\Users\Rizki Firmansyah\Documents\CODIBG\Face_Recognition\app\services\database.py:37]
2026-05-30 20:58:39,498 [INFO] app: Automatic database backup completed [in C:\Users\Rizki Firmansyah\Documents\CODIBG\Face_Recognition\app\__init__.py:118]
2026-05-30 20:58:45,047 [INFO] app: ============================================================ [in C:\Users\Rizki Firmansyah\Documents\CODIBG\Face_Recognition\app\__init__.py:88]
2026-05-30 20:58:45,048 [INFO] app: Face Recognition Attendance System [in C:\Users\Rizki Firmansyah\Documents\CODIBG\Face_Recognition\app\__init__.py:89]
2026-05-30 20:58:45,050 [INFO] app: Institution: SMA N 1 KAYANGAN [in C:\Users\Rizki Firmansyah\Documents\CODIBG\Face_Recognition\app\__init__.py:90]
2026-05-30 20:58:45,050 [INFO] app: Environment: Production [in C:\Users\Rizki Firmansyah\Documents\CODIBG\Face_Recognition\app\__init__.py:91]
2026-05-30 20:58:45,051 [INFO] app: Database: sqlite:///C:\Users\Rizki Firmansyah\Documents\CODIBG\Face_Recognition\data\attendance.db [in C:\Users\Rizki Firmansyah\Documents\CODIBG\Face_Recognition\app\__init__.py:92]
2026-05-30 20:58:45,052 [INFO] app: Log Level: INFO [in C:\Users\Rizki Firmansyah\Documents\CODIBG\Face_Recognition\app\__init__.py:93]
2026-05-30 20:58:45,053 [INFO] app: ============================================================ [in C:\Users\Rizki Firmansyah\Documents\CODIBG\Face_Recognition\app\__init__.py:94]
2026-05-30 20:58:45,054 [INFO] app: Performing automatic database backup... [in C:\Users\Rizki Firmansyah\Documents\CODIBG\Face_Recognition\app\__init__.py:116]
2026-05-30 20:58:45,063 [INFO] app.services.database: Database backup created: data\backups\attendance_backup_20260530_205845.db (0.08 MB) [in C:\Users\Rizki Firmansyah\Documents\CODIBG\Face_Recognition\app\services\database.py:37]
2026-05-30 20:58:45,066 [INFO] app: Automatic database backup completed [in C:\Users\Rizki Firmansyah\Documents\CODIBG\Face_Recognition\app\__init__.py:118]
2026-05-30 20:59:57,723 [INFO] app: Face cache synced: 18 encodings, 5 students loaded. TTL: 300s [in C:\Users\Rizki Firmansyah\Documents\CODIBG\Face_Recognition\app\services\face_service.py:60]
2026-06-03 20:35:50,415 [INFO] app: ============================================================ [in C:\Users\Rizki Firmansyah\Documents\CODIBG\Face_Recognition\app\__init__.py:88]
2026-06-03 20:35:50,416 [INFO] app: Face Recognition Attendance System [in C:\Users\Rizki Firmansyah\Documents\CODIBG\Face_Recognition\app\__init__.py:89]
2026-06-03 20:35:50,416 [INFO] app: Institution: SMA N 1 KAYANGAN [in C:\Users\Rizki Firmansyah\Documents\CODIBG\Face_Recognition\app\__init__.py:90]
2026-06-03 20:35:50,419 [INFO] app: Environment: Production [in C:\Users\Rizki Firmansyah\Documents\CODIBG\Face_Recognition\app\__init__.py:91]
2026-06-03 20:35:50,421 [INFO] app: Database: sqlite:///C:\Users\Rizki Firmansyah\Documents\CODIBG\Face_Recognition\data\attendance.db [in C:\Users\Rizki Firmansyah\Documents\CODIBG\Face_Recognition\app\__init__.py:92]
2026-06-03 20:35:50,423 [INFO] app: Log Level: INFO [in C:\Users\Rizki Firmansyah\Documents\CODIBG\Face_Recognition\app\__init__.py:93]
2026-06-03 20:35:50,425 [INFO] app: ============================================================ [in C:\Users\Rizki Firmansyah\Documents\CODIBG\Face_Recognition\app\__init__.py:94]
2026-06-03 20:35:50,427 [INFO] app: Performing automatic database backup... [in C:\Users\Rizki Firmansyah\Documents\CODIBG\Face_Recognition\app\__init__.py:116]
2026-06-03 20:35:50,435 [INFO] app.services.database: Database backup created: data\backups\attendance_backup_20260603_203550.db (0.08 MB) [in C:\Users\Rizki Firmansyah\Documents\CODIBG\Face_Recognition\app\services\database.py:37]
2026-06-03 20:35:50,442 [INFO] app: Automatic database backup completed [in C:\Users\Rizki Firmansyah\Documents\CODIBG\Face_Recognition\app\__init__.py:118]
2026-06-03 20:36:05,130 [INFO] app: ============================================================ [in C:\Users\Rizki Firmansyah\Documents\CODIBG\Face_Recognition\app\__init__.py:88]
2026-06-03 20:36:05,132 [INFO] app: Face Recognition Attendance System [in C:\Users\Rizki Firmansyah\Documents\CODIBG\Face_Recognition\app\__init__.py:89]
2026-06-03 20:36:05,134 [INFO] app: Institution: SMA N 1 KAYANGAN [in C:\Users\Rizki Firmansyah\Documents\CODIBG\Face_Recognition\app\__init__.py:90]
2026-06-03 20:36:05,136 [INFO] app: Environment: Production [in C:\Users\Rizki Firmansyah\Documents\CODIBG\Face_Recognition\app\__init__.py:91]
2026-06-03 20:36:05,141 [INFO] app: Database: sqlite:///C:\Users\Rizki Firmansyah\Documents\CODIBG\Face_Recognition\data\attendance.db [in C:\Users\Rizki Firmansyah\Documents\CODIBG\Face_Recognition\app\__init__.py:92]
2026-06-03 20:36:05,145 [INFO] app: Log Level: INFO [in C:\Users\Rizki Firmansyah\Documents\CODIBG\Face_Recognition\app\__init__.py:93]
2026-06-03 20:36:05,147 [INFO] app: ============================================================ [in C:\Users\Rizki Firmansyah\Documents\CODIBG\Face_Recognition\app\__init__.py:94]
2026-06-03 20:36:05,148 [INFO] app: Performing automatic database backup... [in C:\Users\Rizki Firmansyah\Documents\CODIBG\Face_Recognition\app\__init__.py:116]
2026-06-03 20:36:05,158 [INFO] app.services.database: Database backup created: data\backups\attendance_backup_20260603_203605.db (0.08 MB) [in C:\Users\Rizki Firmansyah\Documents\CODIBG\Face_Recognition\app\services\database.py:37]
2026-06-03 20:36:05,181 [INFO] app.services.database: Cleaned up 1 old backups: ['data\\backups\\attendance_backup_20260414_163909.db'] [in C:\Users\Rizki Firmansyah\Documents\CODIBG\Face_Recognition\app\services\database.py:68]
2026-06-03 20:36:05,181 [INFO] app: Automatic database backup completed [in C:\Users\Rizki Firmansyah\Documents\CODIBG\Face_Recognition\app\__init__.py:118]
2026-06-03 20:36:20,084 [INFO] app: ============================================================ [in C:\Users\Rizki Firmansyah\Documents\CODIBG\Face_Recognition\app\__init__.py:88]
2026-06-03 20:36:20,084 [INFO] app: Face Recognition Attendance System [in C:\Users\Rizki Firmansyah\Documents\CODIBG\Face_Recognition\app\__init__.py:89]
2026-06-03 20:36:20,086 [INFO] app: Institution: SMA N 1 KAYANGAN [in C:\Users\Rizki Firmansyah\Documents\CODIBG\Face_Recognition\app\__init__.py:90]
2026-06-03 20:36:20,089 [INFO] app: Environment: Production [in C:\Users\Rizki Firmansyah\Documents\CODIBG\Face_Recognition\app\__init__.py:91]
2026-06-03 20:36:20,092 [INFO] app: Database: sqlite:///C:\Users\Rizki Firmansyah\Documents\CODIBG\Face_Recognition\data\attendance.db [in C:\Users\Rizki Firmansyah\Documents\CODIBG\Face_Recognition\app\__init__.py:92]
2026-06-03 20:36:20,092 [INFO] app: Log Level: INFO [in C:\Users\Rizki Firmansyah\Documents\CODIBG\Face_Recognition\app\__init__.py:93]
2026-06-03 20:36:20,095 [INFO] app: ============================================================ [in C:\Users\Rizki Firmansyah\Documents\CODIBG\Face_Recognition\app\__init__.py:94]
2026-06-03 20:36:20,097 [INFO] app: Performing automatic database backup... [in C:\Users\Rizki Firmansyah\Documents\CODIBG\Face_Recognition\app\__init__.py:116]
2026-06-03 20:36:20,104 [INFO] app.services.database: Database backup created: data\backups\attendance_backup_20260603_203620.db (0.08 MB) [in C:\Users\Rizki Firmansyah\Documents\CODIBG\Face_Recognition\app\services\database.py:37]
2026-06-03 20:36:20,109 [INFO] app.services.database: Cleaned up 1 old backups: ['data\\backups\\attendance_backup_20260414_163900.db'] [in C:\Users\Rizki Firmansyah\Documents\CODIBG\Face_Recognition\app\services\database.py:68]
2026-06-03 20:36:20,112 [INFO] app: Automatic database backup completed [in C:\Users\Rizki Firmansyah\Documents\CODIBG\Face_Recognition\app\__init__.py:118]
2026-06-03 20:36:38,281 [INFO] app: ============================================================ [in C:\Users\Rizki Firmansyah\Documents\CODIBG\Face_Recognition\app\__init__.py:88]
2026-06-03 20:36:38,286 [INFO] app: Face Recognition Attendance System [in C:\Users\Rizki Firmansyah\Documents\CODIBG\Face_Recognition\app\__init__.py:89]
2026-06-03 20:36:38,298 [INFO] app: Institution: SMA N 1 KAYANGAN [in C:\Users\Rizki Firmansyah\Documents\CODIBG\Face_Recognition\app\__init__.py:90]
2026-06-03 20:36:38,303 [INFO] app: Environment: Production [in C:\Users\Rizki Firmansyah\Documents\CODIBG\Face_Recognition\app\__init__.py:91]
2026-06-03 20:36:38,312 [INFO] app: Database: sqlite:///C:\Users\Rizki Firmansyah\Documents\CODIBG\Face_Recognition\data\attendance.db [in C:\Users\Rizki Firmansyah\Documents\CODIBG\Face_Recognition\app\__init__.py:92]
2026-06-03 20:36:38,316 [INFO] app: Log Level: INFO [in C:\Users\Rizki Firmansyah\Documents\CODIBG\Face_Recognition\app\__init__.py:93]
2026-06-03 20:36:38,324 [INFO] app: ============================================================ [in C:\Users\Rizki Firmansyah\Documents\CODIBG\Face_Recognition\app\__init__.py:94]
2026-06-03 20:36:38,328 [INFO] app: Performing automatic database backup... [in C:\Users\Rizki Firmansyah\Documents\CODIBG\Face_Recognition\app\__init__.py:116]
2026-06-03 20:36:38,341 [INFO] app.services.database: Database backup created: data\backups\attendance_backup_20260603_203638.db (0.08 MB) [in C:\Users\Rizki Firmansyah\Documents\CODIBG\Face_Recognition\app\services\database.py:37]
2026-06-03 20:36:38,349 [INFO] app.services.database: Cleaned up 1 old backups: ['data\\backups\\attendance_backup_20260414_163535.db'] [in C:\Users\Rizki Firmansyah\Documents\CODIBG\Face_Recognition\app\services\database.py:68]
2026-06-03 20:36:38,355 [INFO] app: Automatic database backup completed [in C:\Users\Rizki Firmansyah\Documents\CODIBG\Face_Recognition\app\__init__.py:118]
2026-06-03 20:37:43,101 [INFO] app: ============================================================ [in C:\Users\Rizki Firmansyah\Documents\CODIBG\Face_Recognition\app\__init__.py:88]
2026-06-03 20:37:43,105 [INFO] app: Face Recognition Attendance System [in C:\Users\Rizki Firmansyah\Documents\CODIBG\Face_Recognition\app\__init__.py:89]
2026-06-03 20:37:43,109 [INFO] app: Institution: SMA N 1 KAYANGAN [in C:\Users\Rizki Firmansyah\Documents\CODIBG\Face_Recognition\app\__init__.py:90]
2026-06-03 20:37:43,113 [INFO] app: Environment: Production [in C:\Users\Rizki Firmansyah\Documents\CODIBG\Face_Recognition\app\__init__.py:91]
2026-06-03 20:37:43,114 [INFO] app: Database: sqlite:///C:\Users\Rizki Firmansyah\Documents\CODIBG\Face_Recognition\data\attendance.db [in C:\Users\Rizki Firmansyah\Documents\CODIBG\Face_Recognition\app\__init__.py:92]
2026-06-03 20:37:43,116 [INFO] app: Log Level: INFO [in C:\Users\Rizki Firmansyah\Documents\CODIBG\Face_Recognition\app\__init__.py:93]
2026-06-03 20:37:43,118 [INFO] app: ============================================================ [in C:\Users\Rizki Firmansyah\Documents\CODIBG\Face_Recognition\app\__init__.py:94]
2026-06-03 20:37:43,121 [INFO] app: Performing automatic database backup... [in C:\Users\Rizki Firmansyah\Documents\CODIBG\Face_Recognition\app\__init__.py:116]
2026-06-03 20:37:43,134 [INFO] app.services.database: Database backup created: data\backups\attendance_backup_20260603_203743.db (0.08 MB) [in C:\Users\Rizki Firmansyah\Documents\CODIBG\Face_Recognition\app\services\database.py:37]
2026-06-03 20:37:43,142 [INFO] app.services.database: Cleaned up 1 old backups: ['data\\backups\\attendance_backup_20260414_163527.db'] [in C:\Users\Rizki Firmansyah\Documents\CODIBG\Face_Recognition\app\services\database.py:68]
2026-06-03 20:37:43,144 [INFO] app: Automatic database backup completed [in C:\Users\Rizki Firmansyah\Documents\CODIBG\Face_Recognition\app\__init__.py:118]
2026-06-03 20:37:44,403 [INFO] app: ============================================================ [in C:\Users\Rizki Firmansyah\Documents\CODIBG\Face_Recognition\app\__init__.py:88]
2026-06-03 20:37:44,407 [INFO] app: Face Recognition Attendance System [in C:\Users\Rizki Firmansyah\Documents\CODIBG\Face_Recognition\app\__init__.py:89]
2026-06-03 20:37:44,409 [INFO] app: Institution: SMA N 1 KAYANGAN [in C:\Users\Rizki Firmansyah\Documents\CODIBG\Face_Recognition\app\__init__.py:90]
2026-06-03 20:37:44,412 [INFO] app: Environment: Production [in C:\Users\Rizki Firmansyah\Documents\CODIBG\Face_Recognition\app\__init__.py:91]
2026-06-03 20:37:44,414 [INFO] app: Database: sqlite:///C:\Users\Rizki Firmansyah\Documents\CODIBG\Face_Recognition\data\attendance.db [in C:\Users\Rizki Firmansyah\Documents\CODIBG\Face_Recognition\app\__init__.py:92]
2026-06-03 20:37:44,418 [INFO] app: Log Level: INFO [in C:\Users\Rizki Firmansyah\Documents\CODIBG\Face_Recognition\app\__init__.py:93]
2026-06-03 20:37:44,420 [INFO] app: ============================================================ [in C:\Users\Rizki Firmansyah\Documents\CODIBG\Face_Recognition\app\__init__.py:94]
2026-06-03 20:37:44,422 [INFO] app: Performing automatic database backup... [in C:\Users\Rizki Firmansyah\Documents\CODIBG\Face_Recognition\app\__init__.py:116]
2026-06-03 20:37:44,430 [INFO] app.services.database: Database backup created: data\backups\attendance_backup_20260603_203744.db (0.08 MB) [in C:\Users\Rizki Firmansyah\Documents\CODIBG\Face_Recognition\app\services\database.py:37]
2026-06-03 20:37:44,438 [INFO] app.services.database: Cleaned up 1 old backups: ['data\\backups\\attendance_backup_20260414_034012.db'] [in C:\Users\Rizki Firmansyah\Documents\CODIBG\Face_Recognition\app\services\database.py:68]
2026-06-03 20:37:44,442 [INFO] app: Automatic database backup completed [in C:\Users\Rizki Firmansyah\Documents\CODIBG\Face_Recognition\app\__init__.py:118]
2026-06-03 20:38:14,877 [INFO] app: ============================================================ [in C:\Users\Rizki Firmansyah\Documents\CODIBG\Face_Recognition\app\__init__.py:88]
2026-06-03 20:38:14,879 [INFO] app: Face Recognition Attendance System [in C:\Users\Rizki Firmansyah\Documents\CODIBG\Face_Recognition\app\__init__.py:89]
2026-06-03 20:38:14,879 [INFO] app: Institution: SMA N 1 KAYANGAN [in C:\Users\Rizki Firmansyah\Documents\CODIBG\Face_Recognition\app\__init__.py:90]
2026-06-03 20:38:14,886 [INFO] app: Environment: Production [in C:\Users\Rizki Firmansyah\Documents\CODIBG\Face_Recognition\app\__init__.py:91]
2026-06-03 20:38:14,886 [INFO] app: Database: sqlite:///C:\Users\Rizki Firmansyah\Documents\CODIBG\Face_Recognition\data\attendance.db [in C:\Users\Rizki Firmansyah\Documents\CODIBG\Face_Recognition\app\__init__.py:92]
2026-06-03 20:38:14,890 [INFO] app: Log Level: INFO [in C:\Users\Rizki Firmansyah\Documents\CODIBG\Face_Recognition\app\__init__.py:93]
2026-06-03 20:38:14,894 [INFO] app: ============================================================ [in C:\Users\Rizki Firmansyah\Documents\CODIBG\Face_Recognition\app\__init__.py:94]
2026-06-03 20:38:14,894 [INFO] app: Performing automatic database backup... [in C:\Users\Rizki Firmansyah\Documents\CODIBG\Face_Recognition\app\__init__.py:116]
2026-06-03 20:38:14,905 [INFO] app.services.database: Database backup created: data\backups\attendance_backup_20260603_203814.db (0.08 MB) [in C:\Users\Rizki Firmansyah\Documents\CODIBG\Face_Recognition\app\services\database.py:37]
2026-06-03 20:38:14,912 [INFO] app.services.database: Cleaned up 1 old backups: ['data\\backups\\attendance_backup_20260414_033432.db'] [in C:\Users\Rizki Firmansyah\Documents\CODIBG\Face_Recognition\app\services\database.py:68]
2026-06-03 20:38:14,917 [INFO] app: Automatic database backup completed [in C:\Users\Rizki Firmansyah\Documents\CODIBG\Face_Recognition\app\__init__.py:118]
2026-06-03 20:38:26,830 [INFO] app: ============================================================ [in C:\Users\Rizki Firmansyah\Documents\CODIBG\Face_Recognition\app\__init__.py:88]
2026-06-03 20:38:26,833 [INFO] app: Face Recognition Attendance System [in C:\Users\Rizki Firmansyah\Documents\CODIBG\Face_Recognition\app\__init__.py:89]
2026-06-03 20:38:26,835 [INFO] app: Institution: SMA N 1 KAYANGAN [in C:\Users\Rizki Firmansyah\Documents\CODIBG\Face_Recognition\app\__init__.py:90]
2026-06-03 20:38:26,836 [INFO] app: Environment: Production [in C:\Users\Rizki Firmansyah\Documents\CODIBG\Face_Recognition\app\__init__.py:91]
2026-06-03 20:38:26,837 [INFO] app: Database: sqlite:///C:\Users\Rizki Firmansyah\Documents\CODIBG\Face_Recognition\data\attendance.db [in C:\Users\Rizki Firmansyah\Documents\CODIBG\Face_Recognition\app\__init__.py:92]
2026-06-03 20:38:26,839 [INFO] app: Log Level: INFO [in C:\Users\Rizki Firmansyah\Documents\CODIBG\Face_Recognition\app\__init__.py:93]
2026-06-03 20:38:26,842 [INFO] app: ============================================================ [in C:\Users\Rizki Firmansyah\Documents\CODIBG\Face_Recognition\app\__init__.py:94]
2026-06-03 20:38:26,842 [INFO] app: Performing automatic database backup... [in C:\Users\Rizki Firmansyah\Documents\CODIBG\Face_Recognition\app\__init__.py:116]
2026-06-03 20:38:26,848 [INFO] app.services.database: Database backup created: data\backups\attendance_backup_20260603_203826.db (0.08 MB) [in C:\Users\Rizki Firmansyah\Documents\CODIBG\Face_Recognition\app\services\database.py:37]
2026-06-03 20:38:26,856 [INFO] app.services.database: Cleaned up 1 old backups: ['data\\backups\\attendance_backup_20260414_033402.db'] [in C:\Users\Rizki Firmansyah\Documents\CODIBG\Face_Recognition\app\services\database.py:68]
2026-06-03 20:38:26,858 [INFO] app: Automatic database backup completed [in C:\Users\Rizki Firmansyah\Documents\CODIBG\Face_Recognition\app\__init__.py:118]
2026-06-03 20:38:27,594 [INFO] app: ============================================================ [in C:\Users\Rizki Firmansyah\Documents\CODIBG\Face_Recognition\app\__init__.py:88]
2026-06-03 20:38:27,594 [INFO] app: Face Recognition Attendance System [in C:\Users\Rizki Firmansyah\Documents\CODIBG\Face_Recognition\app\__init__.py:89]
2026-06-03 20:38:27,596 [INFO] app: Institution: SMA N 1 KAYANGAN [in C:\Users\Rizki Firmansyah\Documents\CODIBG\Face_Recognition\app\__init__.py:90]
2026-06-03 20:38:27,599 [INFO] app: Environment: Production [in C:\Users\Rizki Firmansyah\Documents\CODIBG\Face_Recognition\app\__init__.py:91]
2026-06-03 20:38:27,600 [INFO] app: Database: sqlite:///C:\Users\Rizki Firmansyah\Documents\CODIBG\Face_Recognition\data\attendance.db [in C:\Users\Rizki Firmansyah\Documents\CODIBG\Face_Recognition\app\__init__.py:92]
2026-06-03 20:38:27,602 [INFO] app: Log Level: INFO [in C:\Users\Rizki Firmansyah\Documents\CODIBG\Face_Recognition\app\__init__.py:93]
2026-06-03 20:38:27,603 [INFO] app: ============================================================ [in C:\Users\Rizki Firmansyah\Documents\CODIBG\Face_Recognition\app\__init__.py:94]
2026-06-03 20:38:27,603 [INFO] app: Performing automatic database backup... [in C:\Users\Rizki Firmansyah\Documents\CODIBG\Face_Recognition\app\__init__.py:116]
2026-06-03 20:38:27,613 [INFO] app.services.database: Database backup created: data\backups\attendance_backup_20260603_203827.db (0.08 MB) [in C:\Users\Rizki Firmansyah\Documents\CODIBG\Face_Recognition\app\services\database.py:37]
2026-06-03 20:38:27,618 [INFO] app.services.database: Cleaned up 1 old backups: ['data\\backups\\attendance_backup_20260603_203827.db'] [in C:\Users\Rizki Firmansyah\Documents\CODIBG\Face_Recognition\app\services\database.py:68]
2026-06-03 20:38:27,618 [INFO] app: Automatic database backup completed [in C:\Users\Rizki Firmansyah\Documents\CODIBG\Face_Recognition\app\__init__.py:118]
2026-06-05 07:44:08,744 [INFO] app: ============================================================ [in C:\Users\Rizki Firmansyah\Documents\CODIBG\Face_Recognition\app\__init__.py:90]
2026-06-05 07:44:08,746 [INFO] app: Face Recognition Attendance System [in C:\Users\Rizki Firmansyah\Documents\CODIBG\Face_Recognition\app\__init__.py:91]
2026-06-05 07:44:08,746 [INFO] app: Institution: SMA N 1 KAYANGAN [in C:\Users\Rizki Firmansyah\Documents\CODIBG\Face_Recognition\app\__init__.py:92]
2026-06-05 07:44:08,747 [INFO] app: Environment: Production [in C:\Users\Rizki Firmansyah\Documents\CODIBG\Face_Recognition\app\__init__.py:93]
2026-06-05 07:44:08,747 [INFO] app: Database: sqlite:///C:\Users\Rizki Firmansyah\Documents\CODIBG\Face_Recognition\data\attendance.db [in C:\Users\Rizki Firmansyah\Documents\CODIBG\Face_Recognition\app\__init__.py:94]
2026-06-05 07:44:08,748 [INFO] app: Log Level: INFO [in C:\Users\Rizki Firmansyah\Documents\CODIBG\Face_Recognition\app\__init__.py:95]
2026-06-05 07:44:08,748 [INFO] app: ============================================================ [in C:\Users\Rizki Firmansyah\Documents\CODIBG\Face_Recognition\app\__init__.py:96]
2026-06-05 07:44:08,749 [INFO] app: Performing automatic database backup... [in C:\Users\Rizki Firmansyah\Documents\CODIBG\Face_Recognition\app\__init__.py:119]
2026-06-05 07:44:08,752 [INFO] app.services.database: Database backup created: data\backups\attendance_backup_20260605_074408.db (0.08 MB) [in C:\Users\Rizki Firmansyah\Documents\CODIBG\Face_Recognition\app\services\database.py:37]
2026-06-05 07:44:08,756 [INFO] app.services.database: Cleaned up 1 old backups: ['data\\backups\\attendance_backup_20260605_074408.db'] [in C:\Users\Rizki Firmansyah\Documents\CODIBG\Face_Recognition\app\services\database.py:68]
2026-06-05 07:44:08,760 [INFO] app: Automatic database backup completed [in C:\Users\Rizki Firmansyah\Documents\CODIBG\Face_Recognition\app\__init__.py:121]
2026-06-05 07:44:33,377 [INFO] app: ============================================================ [in C:\Users\Rizki Firmansyah\Documents\CODIBG\Face_Recognition\app\__init__.py:90]
2026-06-05 07:44:33,378 [INFO] app: Face Recognition Attendance System [in C:\Users\Rizki Firmansyah\Documents\CODIBG\Face_Recognition\app\__init__.py:91]
2026-06-05 07:44:33,380 [INFO] app: Institution: SMA N 1 KAYANGAN [in C:\Users\Rizki Firmansyah\Documents\CODIBG\Face_Recognition\app\__init__.py:92]
2026-06-05 07:44:33,381 [INFO] app: Environment: Production [in C:\Users\Rizki Firmansyah\Documents\CODIBG\Face_Recognition\app\__init__.py:93]
2026-06-05 07:44:33,387 [INFO] app: Database: sqlite:///C:\Users\Rizki Firmansyah\Documents\CODIBG\Face_Recognition\data\attendance.db [in C:\Users\Rizki Firmansyah\Documents\CODIBG\Face_Recognition\app\__init__.py:94]
2026-06-05 07:44:33,389 [INFO] app: Log Level: INFO [in C:\Users\Rizki Firmansyah\Documents\CODIBG\Face_Recognition\app\__init__.py:95]
2026-06-05 07:44:33,391 [INFO] app: ============================================================ [in C:\Users\Rizki Firmansyah\Documents\CODIBG\Face_Recognition\app\__init__.py:96]
2026-06-05 07:44:33,393 [INFO] app: Performing automatic database backup... [in C:\Users\Rizki Firmansyah\Documents\CODIBG\Face_Recognition\app\__init__.py:119]
2026-06-05 07:44:33,412 [INFO] app.services.database: Database backup created: data\backups\attendance_backup_20260605_074433.db (0.08 MB) [in C:\Users\Rizki Firmansyah\Documents\CODIBG\Face_Recognition\app\services\database.py:37]
2026-06-05 07:44:33,423 [INFO] app.services.database: Cleaned up 1 old backups: ['data\\backups\\attendance_backup_20260605_074433.db'] [in C:\Users\Rizki Firmansyah\Documents\CODIBG\Face_Recognition\app\services\database.py:68]
2026-06-05 07:44:33,426 [INFO] app: Automatic database backup completed [in C:\Users\Rizki Firmansyah\Documents\CODIBG\Face_Recognition\app\__init__.py:121]
2026-06-05 07:44:51,141 [INFO] app: ============================================================ [in C:\Users\Rizki Firmansyah\Documents\CODIBG\Face_Recognition\app\__init__.py:90]
2026-06-05 07:44:51,142 [INFO] app: Face Recognition Attendance System [in C:\Users\Rizki Firmansyah\Documents\CODIBG\Face_Recognition\app\__init__.py:91]
2026-06-05 07:44:51,143 [INFO] app: Institution: SMA N 1 KAYANGAN [in C:\Users\Rizki Firmansyah\Documents\CODIBG\Face_Recognition\app\__init__.py:92]
2026-06-05 07:44:51,144 [INFO] app: Environment: Production [in C:\Users\Rizki Firmansyah\Documents\CODIBG\Face_Recognition\app\__init__.py:93]
2026-06-05 07:44:51,144 [INFO] app: Database: sqlite:///C:\Users\Rizki Firmansyah\Documents\CODIBG\Face_Recognition\data\attendance.db [in C:\Users\Rizki Firmansyah\Documents\CODIBG\Face_Recognition\app\__init__.py:94]
2026-06-05 07:44:51,177 [INFO] app: Log Level: INFO [in C:\Users\Rizki Firmansyah\Documents\CODIBG\Face_Recognition\app\__init__.py:95]
2026-06-05 07:44:51,177 [INFO] app: ============================================================ [in C:\Users\Rizki Firmansyah\Documents\CODIBG\Face_Recognition\app\__init__.py:96]
2026-06-05 07:44:51,179 [INFO] app: Performing automatic database backup... [in C:\Users\Rizki Firmansyah\Documents\CODIBG\Face_Recognition\app\__init__.py:119]
2026-06-05 07:44:51,185 [INFO] app.services.database: Database backup created: data\backups\attendance_backup_20260605_074451.db (0.08 MB) [in C:\Users\Rizki Firmansyah\Documents\CODIBG\Face_Recognition\app\services\database.py:37]
2026-06-05 07:44:51,191 [INFO] app.services.database: Cleaned up 1 old backups: ['data\\backups\\attendance_backup_20260605_074451.db'] [in C:\Users\Rizki Firmansyah\Documents\CODIBG\Face_Recognition\app\services\database.py:68]
2026-06-05 07:44:51,193 [INFO] app: Automatic database backup completed [in C:\Users\Rizki Firmansyah\Documents\CODIBG\Face_Recognition\app\__init__.py:121]
2026-06-05 07:53:39,228 [INFO] app: ============================================================ [in C:\Users\Rizki Firmansyah\Documents\CODIBG\Face_Recognition\app\__init__.py:90]
2026-06-05 07:53:39,231 [INFO] app: Face Recognition Attendance System [in C:\Users\Rizki Firmansyah\Documents\CODIBG\Face_Recognition\app\__init__.py:91]
2026-06-05 07:53:39,233 [INFO] app: Institution: SMA N 1 KAYANGAN [in C:\Users\Rizki Firmansyah\Documents\CODIBG\Face_Recognition\app\__init__.py:92]
2026-06-05 07:53:39,234 [INFO] app: Environment: Production [in C:\Users\Rizki Firmansyah\Documents\CODIBG\Face_Recognition\app\__init__.py:93]
2026-06-05 07:53:39,234 [INFO] app: Database: sqlite:///C:\Users\Rizki Firmansyah\Documents\CODIBG\Face_Recognition\data\attendance.db [in C:\Users\Rizki Firmansyah\Documents\CODIBG\Face_Recognition\app\__init__.py:94]
2026-06-05 07:53:39,236 [INFO] app: Log Level: INFO [in C:\Users\Rizki Firmansyah\Documents\CODIBG\Face_Recognition\app\__init__.py:95]
2026-06-05 07:53:39,236 [INFO] app: ============================================================ [in C:\Users\Rizki Firmansyah\Documents\CODIBG\Face_Recognition\app\__init__.py:96]
2026-06-05 08:05:16,282 [INFO] app: ============================================================ [in C:\Users\Rizki Firmansyah\Documents\CODIBG\Face_Recognition\app\__init__.py:90]
2026-06-05 08:05:16,283 [INFO] app: Face Recognition Attendance System [in C:\Users\Rizki Firmansyah\Documents\CODIBG\Face_Recognition\app\__init__.py:91]
2026-06-05 08:05:16,285 [INFO] app: Institution: SMA N 1 KAYANGAN [in C:\Users\Rizki Firmansyah\Documents\CODIBG\Face_Recognition\app\__init__.py:92]
2026-06-05 08:05:16,286 [INFO] app: Environment: Production [in C:\Users\Rizki Firmansyah\Documents\CODIBG\Face_Recognition\app\__init__.py:93]
2026-06-05 08:05:16,287 [INFO] app: Database: sqlite:///C:\Users\Rizki Firmansyah\Documents\CODIBG\Face_Recognition\data\attendance.db [in C:\Users\Rizki Firmansyah\Documents\CODIBG\Face_Recognition\app\__init__.py:94]
2026-06-05 08:05:16,288 [INFO] app: Log Level: INFO [in C:\Users\Rizki Firmansyah\Documents\CODIBG\Face_Recognition\app\__init__.py:95]
2026-06-05 08:05:16,289 [INFO] app: ============================================================ [in C:\Users\Rizki Firmansyah\Documents\CODIBG\Face_Recognition\app\__init__.py:96]
2026-06-05 08:05:16,289 [INFO] app: Performing automatic database backup... [in C:\Users\Rizki Firmansyah\Documents\CODIBG\Face_Recognition\app\__init__.py:120]
2026-06-05 08:05:16,296 [INFO] app.services.database: Database backup created: data\backups\attendance_backup_20260605_080516.db (0.08 MB) [in C:\Users\Rizki Firmansyah\Documents\CODIBG\Face_Recognition\app\services\database.py:37]
2026-06-05 08:05:16,303 [INFO] app.services.database: Cleaned up 1 old backups: ['data\\backups\\attendance_backup_20260603_203826.db'] [in C:\Users\Rizki Firmansyah\Documents\CODIBG\Face_Recognition\app\services\database.py:68]
2026-06-05 08:05:16,304 [INFO] app: Automatic database backup completed [in C:\Users\Rizki Firmansyah\Documents\CODIBG\Face_Recognition\app\__init__.py:122]
2026-06-05 08:05:22,325 [WARNING] app: Failed login attempt for admin [in C:\Users\Rizki Firmansyah\Documents\CODIBG\Face_Recognition\app\routes\auth.py:91]
2026-06-05 08:21:16,996 [INFO] app: ============================================================ [in C:\Users\Rizki Firmansyah\Documents\CODIBG\Face_Recognition\app\__init__.py:90]
2026-06-05 08:21:16,997 [INFO] app: Face Recognition Attendance System [in C:\Users\Rizki Firmansyah\Documents\CODIBG\Face_Recognition\app\__init__.py:91]
2026-06-05 08:21:17,000 [INFO] app: Institution: SMA N 1 KAYANGAN [in C:\Users\Rizki Firmansyah\Documents\CODIBG\Face_Recognition\app\__init__.py:92]
2026-06-05 08:21:17,000 [INFO] app: Environment: Production [in C:\Users\Rizki Firmansyah\Documents\CODIBG\Face_Recognition\app\__init__.py:93]
2026-06-05 08:21:17,002 [INFO] app: Database: sqlite:///C:/tmp/face-auth-bozagvxm/auth_test.db [in C:\Users\Rizki Firmansyah\Documents\CODIBG\Face_Recognition\app\__init__.py:94]
2026-06-05 08:21:17,002 [INFO] app: Log Level: INFO [in C:\Users\Rizki Firmansyah\Documents\CODIBG\Face_Recognition\app\__init__.py:95]
2026-06-05 08:21:17,004 [INFO] app: ============================================================ [in C:\Users\Rizki Firmansyah\Documents\CODIBG\Face_Recognition\app\__init__.py:96]
2026-06-05 08:21:17,235 [INFO] app: ============================================================ [in C:\Users\Rizki Firmansyah\Documents\CODIBG\Face_Recognition\app\__init__.py:90]
2026-06-05 08:21:17,239 [INFO] app: Face Recognition Attendance System [in C:\Users\Rizki Firmansyah\Documents\CODIBG\Face_Recognition\app\__init__.py:91]
2026-06-05 08:21:17,243 [INFO] app: Institution: SMA N 1 KAYANGAN [in C:\Users\Rizki Firmansyah\Documents\CODIBG\Face_Recognition\app\__init__.py:92]
2026-06-05 08:21:17,244 [INFO] app: Environment: Production [in C:\Users\Rizki Firmansyah\Documents\CODIBG\Face_Recognition\app\__init__.py:93]
2026-06-05 08:21:17,246 [INFO] app: Database: sqlite:///C:/tmp/face-migrate-test/baseline.db [in C:\Users\Rizki Firmansyah\Documents\CODIBG\Face_Recognition\app\__init__.py:94]
2026-06-05 08:21:17,246 [INFO] app: Log Level: INFO [in C:\Users\Rizki Firmansyah\Documents\CODIBG\Face_Recognition\app\__init__.py:95]
2026-06-05 08:21:17,246 [INFO] app: ============================================================ [in C:\Users\Rizki Firmansyah\Documents\CODIBG\Face_Recognition\app\__init__.py:96]
2026-06-05 08:21:23,046 [INFO] app: Login successful for admin [in C:\Users\Rizki Firmansyah\Documents\CODIBG\Face_Recognition\app\routes\auth.py:87]
2026-06-05 08:21:23,775 [INFO] app: Password changed for user admin [in C:\Users\Rizki Firmansyah\Documents\CODIBG\Face_Recognition\app\routes\auth.py:145]
2026-06-11 14:57:59,061 [INFO] app: ============================================================ [in D:\Face_Recognition\app\__init__.py:90]
2026-06-11 14:57:59,061 [INFO] app: Face Recognition Attendance System [in D:\Face_Recognition\app\__init__.py:91]
2026-06-11 14:57:59,061 [INFO] app: Institution: SMA N 1 KAYANGAN [in D:\Face_Recognition\app\__init__.py:92]
2026-06-11 14:57:59,061 [INFO] app: Environment: Production [in D:\Face_Recognition\app\__init__.py:93]
2026-06-11 14:57:59,061 [INFO] app: Database: sqlite:///D:\Face_Recognition\data\attendance.db [in D:\Face_Recognition\app\__init__.py:94]
2026-06-11 14:57:59,061 [INFO] app: Log Level: INFO [in D:\Face_Recognition\app\__init__.py:95]
2026-06-11 14:57:59,061 [INFO] app: ============================================================ [in D:\Face_Recognition\app\__init__.py:96]
2026-06-11 14:57:59,065 [INFO] app: Performing automatic database backup... [in D:\Face_Recognition\app\__init__.py:120]
2026-06-11 14:57:59,066 [INFO] app.services.database: Database backup created: data\backups\attendance_backup_20260611_145759.db (0.08 MB) [in D:\Face_Recognition\app\services\database.py:37]
2026-06-11 14:57:59,067 [INFO] app.services.database: Cleaned up 1 old backups: ['data\\backups\\attendance_backup_20260603_203814.db'] [in D:\Face_Recognition\app\services\database.py:68]
2026-06-11 14:57:59,069 [INFO] app: Automatic database backup completed [in D:\Face_Recognition\app\__init__.py:122]
2026-06-11 14:58:35,799 [INFO] app: ============================================================ [in D:\Face_Recognition\app\__init__.py:90]
2026-06-11 14:58:35,801 [INFO] app: Face Recognition Attendance System [in D:\Face_Recognition\app\__init__.py:91]
2026-06-11 14:58:35,801 [INFO] app: Institution: SMA N 1 KAYANGAN [in D:\Face_Recognition\app\__init__.py:92]
2026-06-11 14:58:35,801 [INFO] app: Environment: Production [in D:\Face_Recognition\app\__init__.py:93]
2026-06-11 14:58:35,801 [INFO] app: Database: sqlite:///D:\Face_Recognition\data\attendance.db [in D:\Face_Recognition\app\__init__.py:94]
2026-06-11 14:58:35,801 [INFO] app: Log Level: INFO [in D:\Face_Recognition\app\__init__.py:95]
2026-06-11 14:58:35,801 [INFO] app: ============================================================ [in D:\Face_Recognition\app\__init__.py:96]
2026-06-11 14:58:35,801 [INFO] app: Performing automatic database backup... [in D:\Face_Recognition\app\__init__.py:120]
2026-06-11 14:58:35,805 [INFO] app.services.database: Database backup created: data\backups\attendance_backup_20260611_145835.db (0.08 MB) [in D:\Face_Recognition\app\services\database.py:37]
2026-06-11 14:58:35,810 [INFO] app.services.database: Cleaned up 1 old backups: ['data\\backups\\attendance_backup_20260603_203744.db'] [in D:\Face_Recognition\app\services\database.py:68]
2026-06-11 14:58:35,810 [INFO] app: Automatic database backup completed [in D:\Face_Recognition\app\__init__.py:122]
2026-06-11 15:03:18,068 [INFO] app: ============================================================ [in D:\Face_Recognition\app\__init__.py:90]
2026-06-11 15:03:18,073 [INFO] app: Face Recognition Attendance System [in D:\Face_Recognition\app\__init__.py:91]
2026-06-11 15:03:18,073 [INFO] app: Institution: SMA N 1 KAYANGAN [in D:\Face_Recognition\app\__init__.py:92]
2026-06-11 15:03:18,073 [INFO] app: Environment: Production [in D:\Face_Recognition\app\__init__.py:93]
2026-06-11 15:03:18,073 [INFO] app: Database: sqlite:///D:\Face_Recognition\data\attendance.db [in D:\Face_Recognition\app\__init__.py:94]
2026-06-11 15:03:18,075 [INFO] app: Log Level: INFO [in D:\Face_Recognition\app\__init__.py:95]
2026-06-11 15:03:18,075 [INFO] app: ============================================================ [in D:\Face_Recognition\app\__init__.py:96]
2026-06-11 15:03:18,075 [INFO] app: Performing automatic database backup... [in D:\Face_Recognition\app\__init__.py:120]
2026-06-11 15:03:18,076 [INFO] app.services.database: Database backup created: data\backups\attendance_backup_20260611_150318.db (0.08 MB) [in D:\Face_Recognition\app\services\database.py:37]
2026-06-11 15:03:18,078 [INFO] app.services.database: Cleaned up 1 old backups: ['data\\backups\\attendance_backup_20260603_203743.db'] [in D:\Face_Recognition\app\services\database.py:68]
2026-06-11 15:03:18,078 [INFO] app: Automatic database backup completed [in D:\Face_Recognition\app\__init__.py:122]
2026-06-11 15:03:28,909 [INFO] app: ============================================================ [in D:\Face_Recognition\app\__init__.py:90]
2026-06-11 15:03:28,909 [INFO] app: Face Recognition Attendance System [in D:\Face_Recognition\app\__init__.py:91]
2026-06-11 15:03:28,909 [INFO] app: Institution: SMA N 1 KAYANGAN [in D:\Face_Recognition\app\__init__.py:92]
2026-06-11 15:03:28,909 [INFO] app: Environment: Production [in D:\Face_Recognition\app\__init__.py:93]
2026-06-11 15:03:28,909 [INFO] app: Database: sqlite:///D:\Face_Recognition\data\attendance.db [in D:\Face_Recognition\app\__init__.py:94]
2026-06-11 15:03:28,909 [INFO] app: Log Level: INFO [in D:\Face_Recognition\app\__init__.py:95]
2026-06-11 15:03:28,909 [INFO] app: ============================================================ [in D:\Face_Recognition\app\__init__.py:96]
2026-06-11 15:03:28,909 [INFO] app: Performing automatic database backup... [in D:\Face_Recognition\app\__init__.py:120]
2026-06-11 15:03:28,914 [INFO] app.services.database: Database backup created: data\backups\attendance_backup_20260611_150328.db (0.08 MB) [in D:\Face_Recognition\app\services\database.py:37]
2026-06-11 15:03:28,915 [INFO] app.services.database: Cleaned up 1 old backups: ['data\\backups\\attendance_backup_20260603_203638.db'] [in D:\Face_Recognition\app\services\database.py:68]
2026-06-11 15:03:28,915 [INFO] app: Automatic database backup completed [in D:\Face_Recognition\app\__init__.py:122]
2026-06-11 15:03:30,487 [INFO] app: ============================================================ [in D:\Face_Recognition\app\__init__.py:90]
2026-06-11 15:03:30,487 [INFO] app: Face Recognition Attendance System [in D:\Face_Recognition\app\__init__.py:91]
2026-06-11 15:03:30,487 [INFO] app: Institution: SMA N 1 KAYANGAN [in D:\Face_Recognition\app\__init__.py:92]
2026-06-11 15:03:30,487 [INFO] app: Environment: Production [in D:\Face_Recognition\app\__init__.py:93]
2026-06-11 15:03:30,487 [INFO] app: Database: sqlite:///D:\Face_Recognition\data\attendance.db [in D:\Face_Recognition\app\__init__.py:94]
2026-06-11 15:03:30,487 [INFO] app: Log Level: INFO [in D:\Face_Recognition\app\__init__.py:95]
2026-06-11 15:03:30,489 [INFO] app: ============================================================ [in D:\Face_Recognition\app\__init__.py:96]
2026-06-11 15:03:30,489 [INFO] app: Performing automatic database backup... [in D:\Face_Recognition\app\__init__.py:120]
2026-06-11 15:03:30,490 [INFO] app.services.database: Database backup created: data\backups\attendance_backup_20260611_150330.db (0.08 MB) [in D:\Face_Recognition\app\services\database.py:37]
2026-06-11 15:03:30,490 [INFO] app.services.database: Cleaned up 1 old backups: ['data\\backups\\attendance_backup_20260603_203620.db'] [in D:\Face_Recognition\app\services\database.py:68]
2026-06-11 15:03:30,494 [INFO] app: Automatic database backup completed [in D:\Face_Recognition\app\__init__.py:122]
